month,team,hash,city,doj,resigned
2026-07,1,1cd2a1aa22653be6c8d3,Pune,2026-04-21,0
2026-07,1,55678f967f0e3b4a30bc,Pune,2025-08-12,0
2026-07,1,3ef01eb2bb8df6bdc235,Pune,2026-04-10,0
2026-07,1,7fb4f5d1ecd06019611b,Pune,2026-05-05,0
2026-07,1,538c30442026d96ec940,Pune,2026-05-05,0
2026-07,1,f9cd3331598735587cdd,Pune,2026-05-05,0
2026-07,1,561c5b79f863ba75c251,Pune,2026-05-14,0
2026-07,1,c35b71cdefae40d0de52,Pune,2026-05-15,0
2026-07,1,ca2bf4416d006cb86d86,Pune,2026-04-17,0
2026-07,1,a3f368246839803328d8,Pune,2026-05-14,0
2026-07,1,b67691783dcd56da43ae,Pune,2026-05-15,0
2026-07,1,d09e696dfc2af8e7f44f,Pune,2026-05-02,0
2026-07,1,2414cb758afaf3d8ec44,Pune,2025-12-19,1
2026-07,1,2d8296fc00fa8dd6d03c,Pune,2026-02-03,0
2026-07,1,818a7787076ac55624b7,Pune,2026-06-06,0
2026-07,1,a8344eb87fd280b2dc45,Pune,2026-06-06,0
2026-07,1,ec3d2325dbb9669cc70a,Pune,2026-06-30,0
2026-07,1,5348034c4872846cfd93,Pune,2026-06-30,0
2026-07,1,29a746a4a9d9ed9a0570,Pune,2026-06-30,0
2026-07,1,ff8052502fb2e510b6fa,Pune,2026-06-30,0
2026-07,1,9374ee1532faecc57c62,Pune,2026-06-30,0
2026-07,1,7df49d45c7eaa3a7150d,Pune,2026-07-04,0
2026-07,0,f7de9470de0c63c7f789,Lucknow,2026-05-10,0
2026-07,1,2bcf26899fb7a8d11299,Pune,2026-05-02,0
2026-07,1,e703c698218ff8fcb2b7,Pune,2026-05-14,0
2026-07,1,c4a261779742d4febc47,Pune,2026-03-17,0
2026-07,1,c5e38ae54ad0ea5d9841,Pune,2026-04-01,0
2026-07,1,d8b104c77c7851021ef6,Pune,2026-04-17,0
2026-07,1,76c8921e572acb62ca3e,Pune,2026-04-21,0
2026-07,0,dd06b597cc7fc96f7f2e,Amravati,2026-03-10,0
2026-07,1,38aec3fcce592a422e2e,Pune,2025-08-05,0
2026-07,1,152bca20d7b4ac317dcf,Pune,2026-05-05,0
2026-07,1,2d7b45536aed9680b17b,Pune,2026-03-10,0
2026-07,1,2554c3a46043d5010a00,Pune,2025-10-28,0
2026-07,1,73225ba136bd13f6e1c6,Pune,2026-03-17,0
2026-07,0,b1734db2e1208b4f5b5f,Indore,2025-10-03,0
2026-07,0,ebd3cbe4ea5fdb539da4,Agra,2026-04-01,0
2026-07,0,524a1aacaaa46a62920e,Agra,2026-03-05,0
2026-07,0,5ddd7feb99ea384fa19e,Agra,2026-01-18,0
2026-07,0,5180531302fd4a1340f7,Ahmedabad,2026-04-02,0
2026-07,0,66ae5dd8e3ddce830146,Ahmedabad,2025-12-23,0
2026-07,0,4be543adbd6c689a8af7,Ahmedabad,2025-10-28,0
2026-07,0,37789eb73d4e907bb6bd,Ahmedabad,2025-08-30,0
2026-07,0,f62213aeb92cdc8fdceb,Ahmedabad,2025-03-01,0
2026-07,0,183580685ab6fff8d555,Amravati,2026-04-03,0
2026-07,0,d43e30476fea854621b1,Amravati,2026-02-17,0
2026-07,0,c3bda8d7f37eb807a02c,Amravati,2025-01-27,0
2026-07,0,193239ca65a787cdd124,Aurangabad,2026-05-02,0
2026-07,0,7e935d513895423a530b,Aurangabad,2026-03-05,0
2026-07,0,188c5e0db53f650f0669,Aurangabad,2026-03-05,0
2026-07,0,ecd2c4195726f230121b,Aurangabad,2025-12-20,0
2026-07,0,413692aabe39a555d744,Aurangabad,2025-10-28,1
2026-07,0,3832c57ab5c08b5955da,Aurangabad,2024-12-20,0
2026-07,0,59d2acfb51035c73604e,Bangalore,2026-05-19,0
2026-07,0,6eeb9d1fd2f88410ef9a,Bangalore,2026-05-12,0
2026-07,0,453022a82ebae24146fc,Bangalore,2026-05-07,0
2026-07,0,2e37d1052800c0f0b06a,Bangalore,2026-05-05,0
2026-07,0,9ee7ef1eac3cd9573a95,Bangalore,2026-03-05,0
2026-07,0,fe9af3875a8d9563287f,Bangalore,2026-03-05,0
2026-07,0,bf51bb259f948f713580,Bangalore,2026-01-05,0
2026-07,0,970ef0225bceb6b41783,Bangalore,2025-12-16,0
2026-07,0,edafdcb719b8a495dece,Bangalore,2025-10-17,0
2026-07,0,14a3582227c5a911a5ef,Bangalore,2025-10-10,1
2026-07,0,ce2ae45d0154e875ad1a,Bareilly,2026-03-09,0
2026-07,0,e81aa1e9fdbc46d6eb29,Bareilly,2026-02-02,0
2026-07,0,41a4b10534b99cc8d805,Bareilly,2026-01-20,0
2026-07,0,903dc3526d272ffb51e1,Bareilly,2026-03-05,0
2026-07,0,ace064cbdeb16c19a28a,Bhopal,2025-02-10,0
2026-07,0,3c34437f227637551574,Bhopal,2026-05-12,0
2026-07,0,504129d4870920093ae4,Bhopal,2026-05-06,0
2026-07,0,3ff3760a585b719b4aed,Bhopal,2026-04-24,0
2026-07,0,57d9656e6eb7dcb81f60,Bhopal,2026-01-06,0
2026-07,0,5a60bdfd79f6d281f304,Bhopal,2026-01-06,0
2026-07,0,091b5530944c8550dea3,Bhopal,2025-12-23,1
2026-07,0,13bdc97321cf6e8b1320,Bhopal,2025-10-10,0
2026-07,0,bd5605f288ca9310f63b,Bhopal,2025-05-13,0
2026-07,0,4cf36994dff07d681744,Bhopal,2025-12-23,0
2026-07,0,a4dc75e69271fa053303,Chennai,2026-05-08,0
2026-07,0,e9cc169a8496be543216,Chennai,2026-04-24,0
2026-07,0,ebf5c3be813da95a7b6c,Chennai,2026-04-04,0
2026-07,0,9e51a10e2a65f7ae40b2,Chennai,2026-04-02,0
2026-07,0,191ca1244023984ceba9,Chennai,2026-04-02,0
2026-07,0,c512d17fdcb72621f59e,Chennai,2026-03-24,0
2026-07,0,d43a171d338d2d25d752,Chennai,2026-02-20,0
2026-07,0,e72225936adc4b4a16c8,Chennai,2026-02-03,0
2026-07,0,56ff03a4b52a6a061d76,Chennai,2026-02-01,0
2026-07,0,39be6a84e21d3586ae5d,Chennai,2025-10-07,0
2026-07,0,ae74d554b1456bc360a5,Chennai,2025-10-03,0
2026-07,0,c8e579465716fb36108f,Chennai,2025-07-28,0
2026-07,0,c3f3420e5fc5c0ebb3b0,Coimbatore,2026-02-08,0
2026-07,0,0bc6422f05b90982d2e3,Coimbatore,2026-01-08,0
2026-07,0,8d592afe72db3c90d2e4,Coimbatore,2025-08-01,0
2026-07,0,dc6641bc1951ba38079e,Delhi NCR,2026-04-01,1
2026-07,0,4a25a3411ced8ca358b6,Delhi NCR,2026-03-17,0
2026-07,0,33d869136297cbd760e8,Delhi NCR,2026-01-20,0
2026-07,0,7402fe09da57d88244e1,Delhi NCR,2025-12-02,0
2026-07,0,bd00cafb61fa8e0d29e9,Delhi NCR,2026-04-01,1
2026-07,1,64eb80c3dcbad72eedfe,Delhi NCR,2025-05-15,0
2026-07,1,311ba45d1a976c1d243d,Delhi NCR,2025-08-10,0
2026-07,1,af04f52d0220d30251a1,Pune,2025-12-16,0
2026-07,1,550e80c2ab7bbc0cbe16,Delhi NCR,2025-07-22,0
2026-07,0,8f3cc9244a681a0060c2,Indore,2025-10-02,0
2026-07,0,17e60b3f744007042d2c,Jabalpur,2026-02-24,0
2026-07,0,d214e339d690334c6ed6,Jabalpur,2026-01-20,1
2026-07,0,b58b4deeec54b4b5be7b,Delhi NCR,2025-04-06,0
2026-07,0,c7d972da80d3a906665b,Delhi NCR,2026-01-20,0
2026-07,0,d774a3c91d93b9820424,Delhi NCR,2025-12-17,0
2026-07,0,06abbc2c60167e253147,Delhi NCR,2026-01-06,0
2026-07,0,d2ca2624243954ae23e5,Delhi NCR,2025-12-17,1
2026-07,0,af9f80d963f85ea1c2e9,Delhi NCR,2025-03-18,0
2026-07,0,93405add4accc56e6e17,Gwalior,2026-05-15,0
2026-07,0,e82fd4ea7d8e4c7f7fac,Gwalior,2026-05-13,0
2026-07,0,3f5e46542c13cff08a15,Gwalior,2026-04-02,0
2026-07,0,e7c911afebd2e9513466,Gwalior,2026-01-20,0
2026-07,0,8a647173d58cd451f9c7,Gwalior,2025-12-02,0
2026-07,0,485f050a04eff8b38cca,Gwalior,2025-10-11,0
2026-07,0,5a0122c5ae7cb76203b7,Gwalior,2025-10-09,0
2026-07,0,d47085d3a2ea36449f1c,Gwalior,2025-09-20,0
2026-07,0,f7259c8b4df138c4001e,Hyderabad,2026-05-19,0
2026-07,0,f160194567d1728b2456,Hyderabad,2026-05-19,0
2026-07,0,c613c68f309f1d741ded,Hyderabad,2026-05-05,0
2026-07,0,c586b11d8454ab689d09,Hyderabad,2026-05-05,0
2026-07,0,88067c9b3150a8c67c1c,Hyderabad,2026-05-02,0
2026-07,0,5eb99f20d90bc1cf865d,Hyderabad,2026-05-02,0
2026-07,0,b862779b8be52d0b2582,Hyderabad,2026-04-11,1
2026-07,0,0096436f406d0ed99eb2,Hyderabad,2026-04-10,0
2026-07,0,a06a89d9198559a27d47,Hyderabad,2026-03-07,0
2026-07,0,835f97a0e6f46db2a96a,Hyderabad,2026-02-24,0
2026-07,0,40722cef356d0518fd9f,Hyderabad,2026-02-03,0
2026-07,0,88fbdfdd839cb29555f2,Hyderabad,2026-01-02,0
2026-07,0,442072498ae4fa9aa881,Hyderabad,2025-05-20,0
2026-07,0,8206d855fbca677d850e,Hyderabad,2025-05-17,0
2026-07,0,4c643a191a5a01092a57,Indore,2026-04-14,0
2026-07,0,be9d618d04ca88eaa98c,Indore,2026-01-06,0
2026-07,0,3c212943c748a4a4627a,Indore,2025-12-23,0
2026-07,0,961b65e2d2d9fc5d528a,Indore,2025-12-23,0
2026-07,0,70e9abfecb4e2b0efc3c,Indore,2025-11-16,0
2026-07,0,22b72bc892eb8ee93374,Indore,2025-10-10,0
2026-07,0,2ffcfbc6dbbfc91e2d58,Jabalpur,2026-01-20,1
2026-07,0,f2ff8bcc381dacf7870d,Jabalpur,2025-12-23,0
2026-07,0,8ccaff1fa3a62cc1b2c8,Jabalpur,2025-11-01,0
2026-07,0,970281389897ff293cec,Jabalpur,2025-09-23,0
2026-07,0,e822b86662078caa8787,Jabalpur,2025-06-05,0
2026-07,0,058f3168fbb388d662f6,Jabalpur,2024-11-12,0
2026-07,0,b078938a3d16e1770a21,Jabalpur,2024-06-03,0
2026-07,0,550296fbc02da5cac723,Jabalpur,2024-11-12,0
2026-07,0,f051b63ccbc679b92909,Jaipur,2026-05-07,0
2026-07,0,343364f5093d4c18cac9,Jaipur,2026-05-07,0
2026-07,0,0980dd9ea60d385fb646,Jaipur,2026-05-02,0
2026-07,0,f131d47aee6de88f4ca9,Jaipur,2026-05-02,0
2026-07,0,03a45cf894785161677c,Jaipur,2026-05-02,0
2026-07,0,935e6207649297ae33a1,Jaipur,2026-05-02,0
2026-07,0,5ed6c9910323186b2de0,Jaipur,2026-04-21,0
2026-07,0,ea3dc11650a07c9aa681,Jaipur,2026-04-16,0
2026-07,0,1128068edf28f33dae74,Jaipur,2026-04-14,0
2026-07,0,2cae9a50f42e9dd42a83,Jaipur,2026-04-14,0
2026-07,0,7eccf891481de58377f2,Jaipur,2026-04-11,0
2026-07,0,860c16ccc1ce02820a66,Jaipur,2026-02-24,0
2026-07,0,893b7ca2d8d78c467ee5,Jaipur,2026-02-12,0
2026-07,0,dd1366c2f2306e7d0468,Jaipur,2026-02-10,0
2026-07,0,23570a986ced0e323687,Jaipur,2026-01-02,0
2026-07,0,4dff04c44315c1df6217,Jaipur,2025-12-02,0
2026-07,0,9629df52bb6d4b8c1480,Jaipur,2025-05-05,0
2026-07,0,50e64c7f989d64ffc476,Jalgaon,2026-02-24,0
2026-07,0,b4a6adc3130c35e740da,Jalgaon,2026-01-20,0
2026-07,0,ec1d0b85ea9ef6ba956d,Kanpur,2026-01-13,0
2026-07,0,940c6556184c36c3e317,Kanpur,2026-05-08,0
2026-07,0,8db36feee7936efe775e,Varanasi,2026-05-02,0
2026-07,0,59788dd8af7052be2582,Kanpur,2026-04-14,0
2026-07,0,8c1b042ff5d29c93072b,Kanpur,2026-04-10,0
2026-07,0,57607d7f0222577e9993,Kanpur,2026-04-02,0
2026-07,0,97d2a75d53d9714a12b1,Kanpur,2026-02-04,0
2026-07,0,db1a574b3657ae4cab85,Kanpur,2026-02-03,0
2026-07,0,d3e4a57dbd0515f5a8ea,Kanpur,2026-02-03,0
2026-07,0,69967c7fdb56bb0b4d52,Kanpur,2026-02-01,0
2026-07,0,8316f5be220c3efdc9ad,Kanpur,2026-01-13,0
2026-07,0,3ab19331265f580d57c3,Kanpur,2026-01-13,0
2026-07,0,af0f3cde01461af62a91,Kanpur,2026-01-04,0
2026-07,0,f92072dd91cde870f6d6,Kanpur,2025-12-16,0
2026-07,0,c2857d1afdbfe35bd886,Kanpur,2025-12-09,0
2026-07,0,3d0fa2726aa42d2c0d78,Kanpur,2025-12-01,0
2026-07,0,8af90a9a9cbdbe7b0324,Kanpur,2025-10-07,0
2026-07,0,67b38b2ab6fa8e5040bb,Kanpur,2025-10-03,0
2026-07,0,4c18cc5f09ae92174667,Kanpur,2025-09-23,0
2026-07,0,2009b1c0f7a0690e3f5f,Kanpur,2025-09-23,0
2026-07,0,6c1eaeb90997a0deeed7,Kanpur,2025-09-23,0
2026-07,0,0957f7addef4bec9e562,Kanpur,2025-09-23,0
2026-07,0,333d9f65775b470a0818,Kanpur,2025-09-02,0
2026-07,0,45645778d6d1aada1dfb,Kanpur,2025-09-23,0
2026-07,0,dd57972cac2e7155f775,Kanpur,2026-05-02,0
2026-07,0,5712293289d733200acc,Kanpur,2026-05-02,0
2026-07,0,2ef8f467477399eeec52,Kanpur,2026-05-17,0
2026-07,0,b5577960bf244f7f7ad8,Kanpur,2026-05-23,0
2026-07,0,53594ca6ea4e4986ee92,Kolhapur,2026-05-15,0
2026-07,0,e52d05c26d372e437969,Kolhapur,2026-04-02,0
2026-07,0,9d511af3abd4ba9bd9fb,Kolhapur,2026-03-05,0
2026-07,0,1a2d87bff3492f3a886a,Kolhapur,2026-01-20,0
2026-07,0,1e046bc454094e10b439,Kolhapur,2026-01-20,0
2026-07,0,f6cc51aa4c36b3016071,Kolhapur,2025-06-10,0
2026-07,0,28d077dd7f525e1f83dd,Kolhapur,2025-05-05,0
2026-07,0,f44d5fc464215f930a97,Kolhapur,2024-12-20,0
2026-07,0,e96f614b5d2acbff8bcc,Kota,2026-05-19,0
2026-07,0,63b7cadbe62e2c427906,Lucknow,2026-04-18,0
2026-07,0,020bfd6a8aa8a47e3289,Lucknow,2026-04-17,0
2026-07,0,8194b6c7d1b9a33ebcb0,Lucknow,2026-04-14,0
2026-07,0,e53202efe338dd516e4b,Lucknow,2026-04-14,0
2026-07,0,28ecd424bafdc122e7ef,Lucknow,2026-04-10,0
2026-07,0,eefba9c554e777f751d2,Lucknow,2026-04-07,0
2026-07,0,ddae0a3702c7fd506ffb,Lucknow,2026-04-07,0
2026-07,0,26f7521695ac86b7249d,Lucknow,2026-03-01,0
2026-07,0,edeb519e7e22cb8724e1,Lucknow,2026-01-22,0
2026-07,0,10615d6b801693114e52,Lucknow,2026-01-20,0
2026-07,0,ef995bbf789dbcd5c613,Lucknow,2026-01-06,0
2026-07,0,cca0227990e808ea72be,Lucknow,2025-12-23,0
2026-07,0,db637ec35972960c5328,Lucknow,2025-12-06,0
2026-07,0,2c74f86f59b4beed964e,Lucknow,2025-11-11,0
2026-07,0,5ed377ef7c71a53e0194,Lucknow,2025-11-04,0
2026-07,0,5c103e80774cd4e2c9c2,Lucknow,2025-10-29,0
2026-07,0,182e6dd3c5a2ae13e957,Lucknow,2025-09-23,0
2026-07,0,2e31740eb41662961cbc,Lucknow,2025-09-23,0
2026-07,0,2ef2b547dfe20f0c2d01,Lucknow,2025-09-09,0
2026-07,0,1afb80a01884aeea27c6,Lucknow,2025-09-01,0
2026-07,0,0634866c62613deb772d,Lucknow,2025-06-25,0
2026-07,0,4985dbd5312e5baf4ac3,Lucknow,2025-06-17,0
2026-07,0,7fe93a30f9cb908ec163,Lucknow,2025-05-20,0
2026-07,0,a1ead102df406032fb10,Lucknow,2025-03-28,0
2026-07,0,96acbd11d87dd5275900,Lucknow,2025-08-25,0
2026-07,0,d737af2f8bc244e74d6e,Lucknow,2025-09-23,0
2026-07,0,10f796c4ff08d6111b94,Lucknow,2026-03-14,0
2026-07,0,fb39ab164668e44b5fcc,Varanasi,2026-03-18,0
2026-07,0,457120011a979c06e256,Lucknow,2026-05-19,0
2026-07,0,c100072709eb566cd347,Lucknow,2026-05-19,0
2026-07,0,4fa6c1300322ff867d7d,Meerut,2026-04-15,0
2026-07,0,88833d00d1b71203fcb0,Meerut,2026-06-10,0
2026-07,0,89f6269bdf9eab54f6f5,Meerut,2026-04-04,0
2026-07,0,c5b28a6a0d3c726f2f75,Meerut,2026-01-24,0
2026-07,0,8cc346e0201f369ae636,Meerut,2026-01-09,1
2026-07,0,7f7a5a91fd1afe84be73,Nagpur,2026-05-02,0
2026-07,0,14bd6ed87f67a51c2b18,Nagpur,2026-04-15,1
2026-07,0,adf53ff37132f23fae48,Nagpur,2026-04-02,0
2026-07,0,070d3ba8bfa5002c1097,Nagpur,2026-03-09,0
2026-07,0,60ffe7e17e3870c65715,Nagpur,2026-03-09,0
2026-07,0,c04ec15d41880acd3a2d,Nagpur,2026-03-05,1
2026-07,0,a07b6c2c74bab71b2cc0,Nagpur,2026-03-05,0
2026-07,0,33844ee5bef125ee81be,Nagpur,2026-02-20,0
2026-07,0,ba3b25c59c12fbc352ca,Nagpur,2026-02-03,0
2026-07,0,aca8dc607f26e4331fe7,Nagpur,2026-01-20,0
2026-07,0,7c82f02075b3136531e9,Nagpur,2026-01-20,0
2026-07,0,2ea6f742b0260734987c,Nagpur,2026-01-20,1
2026-07,0,d08935b57360390b1734,Nagpur,2025-12-02,0
2026-07,0,6d15b930850138ee419a,Nagpur,2025-11-20,0
2026-07,0,abeaf1c0af22cad69aad,Nagpur,2025-11-18,1
2026-07,0,35015c88e86365279339,Nagpur,2025-11-18,0
2026-07,0,2ef820983c105d31f814,Nagpur,2025-11-18,1
2026-07,0,eca7daa1db1bbe01a37c,Nagpur,2025-09-04,0
2026-07,0,5395625df9f1457833ea,Nagpur,2025-09-02,0
2026-07,0,27aba481fc112fa34dcb,Nagpur,2025-09-02,0
2026-07,0,5fdb34dbf8a1f7953b8b,Nagpur,2025-08-19,0
2026-07,0,c915ae6ec1097159ed60,Nagpur,2025-04-07,0
2026-07,0,2ab12b18cf0f69ce1071,Nagpur,2025-04-01,0
2026-07,0,32975232006177729256,Nagpur,2026-05-15,0
2026-07,0,50972244868cadf189a9,Nagpur,2026-05-15,0
2026-07,0,ebd20753485500a4e50a,Nagpur,2026-05-19,1
2026-07,0,00cc35600d4d162f502c,Nagpur,2025-09-11,0
2026-07,0,a045908dc5e27d9407fa,Nashik,2026-05-03,0
2026-07,0,6a536a7f9901fe77eef1,Nashik,2026-05-02,0
2026-07,0,065c78e8d4f0e1fb3c54,Nashik,2026-03-17,0
2026-07,0,751fd8ff8a6a08a7d0b3,Nashik,2026-03-09,0
2026-07,0,a2f5ad8382f9ec96eaf6,Nashik,2025-12-02,0
2026-07,0,7b7d55f8ac1216337f0f,Nashik,2025-09-23,0
2026-07,0,b4e34052bcc3714e35df,Nashik,2025-09-23,0
2026-07,0,6dfd7a56254e5794028a,Nashik,2025-05-27,0
2026-07,0,32e30a573d8aa94a4d65,Nashik,2025-05-27,0
2026-07,0,2b5d42b2e221cb24daef,Nashik,2025-05-20,0
2026-07,0,e2c9cd70bfa9113d319a,Delhi NCR,2026-02-10,1
2026-07,0,377295d20a71d2b8431f,Delhi NCR,2025-12-17,0
2026-07,1,b1747523370fd3d159d7,Pune,2026-04-07,0
2026-07,1,5e9e48b02b7a510a0938,Pune,2025-09-02,0
2026-07,1,e0372b58f622af99412f,Pune,2025-11-04,1
2026-07,1,8d6cb96a6fce78056e96,Pune,2026-01-09,0
2026-07,1,7d209d1df9b467d7bc0c,Pune,2026-02-03,0
2026-07,1,f3f03b411f7b96cf1899,Pune,2025-12-16,0
2026-07,1,cd7b6cc500922db7be14,Pune,2026-04-20,0
2026-07,1,54861470a6d8062048b8,Pune,2026-02-15,0
2026-07,1,0317451ec0d6b9999130,Pune,2024-07-09,0
2026-07,1,1fc445a58b5cf6cf3ab1,Pune,2026-02-15,0
2026-07,1,9cc7a72d28005b231f67,Pune,2025-01-27,0
2026-07,1,c06a8ca3290a01c7a1b3,Pune,2025-04-08,0
2026-07,1,f4739d0d7caac470fe29,Pune,2026-02-03,0
2026-07,1,f8a434345b9736312b9e,Pune,2026-01-20,0
2026-07,1,64b7b63b13657201e0c6,Pune,2025-12-05,0
2026-07,0,176ab0e141557ca0ee0e,Jabalpur,2025-12-23,0
2026-07,1,edb00ffe35fbe7a6a6b0,Pune,2025-08-05,0
2026-07,1,38ba8146ab834af94b2e,Pune,2025-12-12,0
2026-07,1,8fd309d0d31590950f0f,Pune,2025-03-24,0
2026-07,1,673cb26e4c126b3b571a,Pune,2025-06-18,0
2026-07,1,b06a1564fcb27bf948cc,Pune,2025-09-02,0
2026-07,1,a0278fcf47bf91133b1f,Pune,2025-10-08,0
2026-07,1,bab5cfc5a6ef5acdb835,Pune,2025-09-30,0
2026-07,1,e4ede5b59d43b77035ec,Pune,2025-11-07,0
2026-07,1,75935754fcad603ebfe6,Pune,2025-08-12,1
2026-07,1,4ebb3dafd4c4e84c534a,Pune,2025-11-18,0
2026-07,1,a3cef5df89ca1463953e,Pune,2026-01-19,0
2026-07,1,5d72ce6c1f6e3284a8bc,Pune,2026-01-13,0
2026-07,1,ec249e96c788b13130a3,Pune,2026-01-20,0
2026-07,1,8ba0d201c88fb560c515,Pune,2025-09-09,0
2026-07,1,c99ea3b866b00d7f0987,Pune,2026-02-03,0
2026-07,1,fd9f1e1c57d7512ef096,Pune,2026-02-01,0
2026-07,1,f7858a8f5ee06e142859,Pune,2026-02-03,0
2026-07,1,77569fec10cb4325a45d,Pune,2026-02-03,0
2026-07,1,3119767867449b2737c3,Pune,2026-02-03,0
2026-07,1,ff529f739d825b695186,Pune,2026-02-03,0
2026-07,1,7be0af05d6d353716db7,Pune,2026-02-15,0
2026-07,1,c5331285773e53122bbe,Pune,2026-01-20,0
2026-07,1,484a8e276438a9009469,Pune,2026-03-07,0
2026-07,1,ab55d3c7016ee98f0c44,Pune,2026-01-03,0
2026-07,1,585231c621bbd3994034,Pune,2026-03-17,0
2026-07,1,97058919e5975a19a535,Pune,2025-10-13,0
2026-07,1,6ac20f2ea35fe52bd87e,Pune,2026-04-14,0
2026-07,1,a01df254e4e3d12b3ed3,Pune,2026-04-11,0
2026-07,1,72205173ba9e108ae2bd,Pune,2026-03-09,0
2026-07,1,7530242af358eb24386c,Pune,2025-10-07,0
2026-07,1,d036d10eaf710ac5c301,Pune,2025-10-27,0
2026-07,1,acffc27ab59cb7b8f8df,Pune,2026-02-03,0
2026-07,0,f27a5c1c7bd3848c0b60,Pune,2026-02-20,0
2026-07,0,29e73c74f8ca9cd47526,Pune,2025-12-17,0
2026-07,0,c29a3c9af770fc326133,Pune,2025-11-20,0
2026-07,0,9a57c0e6b2e48ca96d2b,Pune,2025-10-28,1
2026-07,0,2eadb69f488ec06ff256,Pune,2025-10-28,0
2026-07,0,c7e4758086fd435be104,Pune,2025-10-10,0
2026-07,0,314527010807bd48d965,Pune,2025-10-07,0
2026-07,0,bc02defcee1497a8c323,Pune,2025-09-23,0
2026-07,0,7cf65a70cd64a7193098,Pune,2025-09-09,0
2026-07,0,93732964a1940682a22c,Pune,2025-07-22,0
2026-07,0,fcef14f5b3bb8e542676,Pune,2025-07-01,0
2026-07,0,4bc4dd44ff4331505820,Pune,2025-04-05,0
2026-07,0,4f01db4d78fd7d6586fd,Pune,2025-04-01,0
2026-07,0,7efd839aaaff3ee19c7c,Pune,2025-01-27,0
2026-07,0,9fdcf67fd018b1280a1c,Pune,2026-02-24,0
2026-07,0,2d6d05ea17017c92abd8,Pune,2025-10-07,0
2026-07,1,eb41bebebfb394d36aac,Pune,2026-03-10,0
2026-07,1,61236c211d6ef351dd92,Pune,2026-02-03,0
2026-07,1,4703afdda1838c43ccff,Pune,2026-04-14,0
2026-07,0,28b5199b3aef2026c8a1,Jabalpur,2025-12-23,0
2026-07,0,f0a533df56f48eb1f1e1,Pune,2025-03-18,0
2026-07,0,e14c8afdc754ea7ce0b5,Jabalpur,2025-05-01,0
2026-07,0,19e6ca2b93948db30a00,Solapur,2026-04-04,0
2026-07,0,6d77b55238e70f66fb03,Solapur,2026-02-14,0
2026-07,0,c7877a1df598d6f374c0,Solapur,2026-02-15,0
2026-07,0,7a713af83e4e2f98d471,Bareilly,2026-03-09,0
2026-07,0,e62652590896d5b6fd90,Solapur,2026-02-15,0
2026-07,0,8e15dbd038e322ffca27,Solapur,2026-02-10,0
2026-07,0,03edec8da70ecbbfd936,Varanasi,2025-09-01,0
2026-07,0,bc2aadccb249c48b8cf7,Varanasi,2026-01-20,0
2026-07,0,666ca1396bb995fec84c,Varanasi,2025-12-02,0
2026-07,0,fd4bc504f128aba687ba,Varanasi,2024-09-11,0
2026-07,0,17d7879d140cfc8d3c22,Pune,2026-03-05,0
2026-07,0,b812e008d28a898821a0,Bhopal,2024-12-24,0
2026-07,0,9dd3b162c38761f7ef92,Indore,2025-12-23,0
2026-07,0,20c5f38e6a9d26c00953,Nagpur,2026-03-09,0
2026-07,0,465d33bb3ef1c960f159,Varanasi,2026-05-05,0
2026-07,0,6fcddd3d33f9a509a416,Amravati,2025-09-06,0
2026-07,0,47efead48bba1a5c8a63,Amravati,2026-05-21,0
2026-07,0,940e77ca7ff7d2bb7903,Meerut,2026-04-14,0
2026-07,0,fa0cba347c57d1399081,Nagpur,2026-06-02,0
2026-07,1,0d8269c55c7c7b917cbc,Pune,2026-06-02,0
2026-07,1,86b0bbc81d1f9a661c41,Pune,2026-06-02,0
2026-07,1,209852223f2e4355a8f2,Pune,2026-06-02,0
2026-07,1,f98837ec0e90ec89339b,Pune,2026-06-12,0
2026-07,0,2872b060b5622557ef73,Nashik,2026-05-27,0
2026-07,0,b80dbc93cacbba576b67,Pune,2026-06-03,0
2026-07,0,b4de337cfdabbcdcd570,Nagpur,2026-06-02,0
2026-07,0,9c40544cb9c4c53e9f71,Hyderabad,2026-06-02,0
2026-07,0,74a30c807bfa75d80d4b,Chennai,2026-06-02,0
2026-07,0,37dea5086499d32bec15,Hyderabad,2026-06-02,0
2026-07,0,5754ce40a35874830a63,Hyderabad,2026-06-02,0
2026-07,0,8d4ed24ba8a3f6a13f4e,Chennai,2026-06-02,0
2026-07,0,43e44c4959506a383c93,Hyderabad,2026-06-02,0
2026-07,0,79f362a83d520c20608f,Chennai,2026-06-02,0
2026-07,0,26d197cae080e6654c54,Hyderabad,2026-06-02,0
2026-07,0,e961d38d541674f158f2,Nagpur,2026-06-05,1
2026-07,0,806b13b5e6b58a5b3e9a,Nagpur,2026-06-06,0
2026-07,0,0d7bdbd909e2510d0daf,Gwalior,2026-06-03,0
2026-07,0,acb490c5ffa5273c032c,Indore,2026-06-03,0
2026-07,0,e9147f6abf6c98fb67a6,Pune,2026-06-10,0
2026-07,0,4c56086bf1f495438150,Nagpur,2026-06-16,1
2026-07,0,3e3e954b6889cc2dc5a5,Nagpur,2026-06-10,0
2026-07,0,48a0e1735810a02bc2b4,Pune,2026-06-09,0
2026-07,0,3ab2543e8db8d56d662b,Nagpur,2026-06-10,0
2026-07,0,3f01712ce4f5630baa1e,Nagpur,2026-06-07,0
2026-07,0,c2587b4391ffd7dff3c8,Nagpur,2026-06-09,0
2026-07,0,a4e02deca8d5e891aa0c,Pune,2026-06-16,0
2026-07,0,86f3f21240ae38936d77,Pune,2026-06-10,0
2026-07,0,9385f4fbdd61c91a19ab,Pune,2026-06-16,0
2026-07,0,ab28ccccf49642ca5071,Ahmedabad,2026-06-16,0
2026-07,0,60506572d72d49b52e50,Nagpur,2026-06-16,0
2026-07,0,a78732efd8c2a4d82208,Nagpur,2026-06-13,0
2026-07,0,c82dd434503e863c803f,Pune,2026-06-19,0
2026-07,0,62b2527562313ddcc9f6,Pune,2026-06-18,0
2026-07,0,3c5491a635de9f7fc1b2,Pune,2026-06-15,0
2026-07,0,d8c53d4f1b9db4f949fd,Pune,2026-06-15,0
2026-07,1,be306c719deffd8ebe20,Pune,2025-12-14,0
2026-07,0,dd854c4c335f6ce3fec5,-,2026-05-07,0
2026-07,0,744e49d5835e05654700,Jabalpur,2026-05-12,1
2026-07,0,0da19a615c910f791b1f,Bhopal,2026-05-20,0
2026-07,0,a085e57bb617166254fe,Pune,2025-08-19,0
2026-07,0,8db6d21f5a3dada15d39,Indore,2026-03-20,1
2026-07,0,89d6afd3014456b5e436,Nashik,2025-03-18,1
2026-07,0,52562d2216e631164355,Hyderabad,2026-06-10,0
2026-07,0,d10095dac44e1fd6a273,Hyderabad,2026-06-11,0
2026-07,0,ae75c44aef71994b0942,Hyderabad,2026-06-16,0
2026-07,0,e3a0ab08c82e0b1219bd,Ahmedabad,2026-06-01,0
2026-07,0,f73e44b5efcdd7564f29,Coimbatore,2026-06-15,0
2026-07,0,e2b11f2dbaa4b79b7e1a,Delhi NCR,2026-05-25,0
2026-07,0,d58457a7ff2f45e550b3,Delhi NCR,2026-06-04,0
2026-07,0,7c8bd589b082411f47be,Delhi NCR,2026-06-10,0
2026-07,0,c4321aad11f40182fef1,Delhi NCR,2026-05-15,0
2026-07,0,5cb1f471a8940c65b9ab,Delhi NCR,2025-09-23,0
2026-07,0,08246be376617dad9751,Delhi NCR,2026-06-11,0
2026-07,0,f41383823d0f8e55e812,Delhi NCR,2026-06-04,0
2026-07,0,2872b060b5622557ef73,Nashik,2026-05-24,0
2026-07,0,47be362207192bde00b5,Pune,2025-06-18,0
2026-07,0,d4e8cc337793beb7a02f,Jaipur,2025-07-05,0
2026-07,0,6d09a8236c55e4f211bb,Nagpur,,1
2026-07,1,67092a56c526ba6934db,Pune,,0
2026-07,0,3503ce171e40a969ad0c,Surat,2025-02-12,1
2026-07,1,f872a95d0598daa1478b,Pune,2025-12-12,0
2026-07,1,f3feb1f9d41049bf8194,Pune,2026-03-01,0
2026-07,0,3d135bfe6efe993c8634,Lucknow,2026-01-09,0
2026-07,0,154bf9923494edf66c9b,Lucknow,2026-02-14,1
2026-07,0,3bcee7e15c3cba9db3c9,Aurangabad,2026-02-05,1
2026-07,0,d331683d6fe4ce01702b,Agra,2026-02-22,0
2026-07,0,ed603c0574e7e0c47cad,Pune,2026-03-05,0
2026-07,0,68d3d81fac227a120f81,Aurangabad,2026-03-09,0
2026-07,0,f1e4aabeb30da257bc34,Hyderabad,2026-04-18,1
2026-07,0,da9e6a3eb90b46928d3c,Lucknow,2026-05-22,0
2026-07,0,455a3b93a1956dfeb6e1,Gwalior,2026-05-23,0
2026-07,0,6d991ad063282ab9a626,Nashik,2026-05-24,0
2026-07,0,0dda6140be87e0fcac83,Indore,2026-06-03,0
2026-07,0,aec663c58054c702b7e0,Indore,2026-06-09,0
2026-07,0,139dd3fb7187bd8e7213,Pune,2026-06-09,0
2026-07,0,094412b0ad8035f528a5,Bhopal,2026-06-11,0
2026-07,0,6d8176dd08b1d44db24d,Jabalpur,2026-06-12,0
2026-07,0,e4f2f377140a6663356e,Jabalpur,2026-06-13,0
2026-07,0,0171b422d9927199ae51,Indore,2026-06-16,0
2026-07,0,029afa8bbc5afbc57a32,Vijayawada,2026-06-01,0
2026-07,0,7b8080f66c2e2ac262e3,Delhi NCR,2026-06-02,0
2026-07,0,3458e54029b75519b1ad,Lucknow,2026-06-05,0
2026-07,1,648313b223f134830fd8,Pune,2026-06-12,1
2026-07,0,b5a1eba9b955f21d330c,Gwalior,2026-06-16,0
2026-07,0,bbca5912b5b520a0e36f,Gwalior,2026-06-17,0
2026-07,0,f158227f8a3341a24a33,Vijayawada,2026-06-16,0
2026-07,0,581c5a289ac67f8798a2,Bhopal,2026-06-16,0
2026-07,0,1ebc1a6e990ad9a401f8,-,2026-06-16,1
2026-07,0,78c8dc1ff92e05d9b16d,Gwalior,2026-06-17,0
2026-07,0,2734fa9b4fa93468202b,Kota,2026-06-11,0
2026-07,0,3973e022e93220f9212c,Pune,2024-06-23,1
2026-07,0,adc2a6e58971f3650721,Lucknow,2025-09-23,1
2026-07,0,149694d8b69932d66e7b,Lucknow,2025-09-23,0
2026-07,0,b58b4deeec54b4b5be7b,Delhi NCR,2025-07-10,0
2026-07,0,6173f2b358a1420f0b6f,Lucknow,2026-01-24,0
2026-07,0,ea3dc11650a07c9aa681,Jaipur,2026-04-16,0
2026-07,0,92c640557cf691553fff,Jabalpur,2026-04-10,0
2026-07,0,70b62e2eac1de6fa1db0,Varanasi,2026-06-24,0
2026-07,0,2165caa5bc6c21cf7dd6,Nagpur,2025-11-18,0
2026-07,0,f3f1fa6beb256658318c,Nagpur,2026-04-02,1
2026-07,0,f6ff165dacc75c9d88cd,Jabalpur,2026-06-10,1
2026-07,0,e1a7ca8161f7ca748a80,Lucknow,2026-06-02,0
2026-07,0,b8ca6f03542d1a11daef,Lucknow,2026-06-02,0
2026-07,0,320e9a68e7cf20dc5078,Lucknow,2026-06-02,0
2026-07,0,84475b1253fa732690ef,Lucknow,2026-06-07,0
2026-07,0,8e187957037e808a0b48,Nagpur,2026-06-09,0
2026-07,0,16c3b5286fa6cd64a932,Selum,2026-06-15,0
2026-07,0,07920cfb936e6a35b867,Nagpur,2026-06-16,0
2026-07,0,df3b613379f966770575,Nagpur,2026-06-16,0
2026-07,0,f32e1c4b4cf8799a43a4,Nagpur,2026-06-18,0
2026-07,0,793cb4f04274f5abefb2,Agra,2026-06-20,0
2026-07,0,e8d7246d4f6dfba25313,Pune,2026-06-20,0
2026-07,0,8af9215ac82fc88b62fb,Pune,2026-06-20,0
2026-07,0,793cb4f04274f5abefb2,Agra,2026-06-20,0
2026-07,0,fad24e9e7e4847bc63b9,Gwalior,2026-06-23,0
2026-07,0,b041db7d8bb9bd679dab,Bhopal,2026-06-24,0
2026-07,0,63be47052f30923693c3,Nagpur,2026-06-25,0
2026-07,0,cc4deb21a60e4d109194,Nagpur,2026-06-27,0
2026-07,0,2112c9a97bf21510e522,Nashik,2026-06-27,0
2026-07,0,2a426b669c886d6f0237,Selum,2026-07-01,0
2026-07,1,0498b840de34641f42e5,Pune,2026-07-01,0
2026-07,1,3656389c1c17cb05a7f2,Pune,2026-07-01,0
2026-07,0,1a8a45d52cebba72f84a,Nagpur,2026-07-01,0
2026-07,0,42c393050bc5916d73f2,Pune,2026-07-01,0
2026-07,0,41ad2f744d539d8e4b5c,Pune,2026-07-01,0
2026-07,0,8af9215ac82fc88b62fb,Pune,2026-07-01,0
2026-07,0,3f4fbf8bd355ccb50d9c,Bangalore,2026-07-01,0
2026-07,0,9424f3a75de7c2df1170,Bangalore,2026-07-01,0
2026-07,0,07b0f32ee5f3a46f277c,Coimbatore,2026-07-04,0
2026-07,1,562a2eeb3fb234bce1bb,Pune,2026-07-05,0
2026-07,0,75077c063bfa7ae37c5f,Amravati,2026-07-07,0
2026-07,0,73228a6de33ad9d3aed0,Nagpur,2026-07-07,0
2026-07,0,47f17a8ac0107c58ac1b,Trichy,2026-07-09,0
2026-07,0,cc31a39c10a90c8bf4ad,Nashik,2026-07-10,0
2026-07,0,bc0b4d6ea8b57d2502da,Nagpur,2026-07-10,0
2026-07,0,8fbfdfa8fc5023d4a7c1,Hyderabad,2026-07-10,0
2026-07,0,cbe62ed98da981478505,Nagpur,2026-07-12,0
2026-07,1,7938934a3e45903d7ef8,Pune,2026-07-14,0
2026-07,0,7dcbc2f39a842000cb16,Nashik,2026-07-14,0
2026-07,1,120ac74e1c08ced135ee,Pune,2026-07-15,0
2026-07,1,f399610ad5653faf9e5d,Pune,2026-07-15,0
2026-07,1,cf086cc5e7a705c795b1,Pune,2026-07-15,0
2026-07,0,3391a94f5ba63775a81d,Kolhapur,2026-05-10,0
2026-07,0,cc908e751c4be063a17a,Aurangabad,2026-06-01,1
2026-07,0,543cef83b7a65827d911,Kanpur,2026-06-03,0
2026-07,0,11df2b0d2c20a54c2f91,Nagpur,2025-03-11,0
2026-07,0,e99f18cabca9b61aac40,Kanpur,2025-10-15,0
2026-07,0,33128786e52c375a8cd7,Kanpur,2026-05-04,1
2026-07,0,5023d1369fc33823f52d,Delhi NCR,2025-12-19,0
2026-07,0,466fcdac81d479f2917d,Bhopal,2023-07-04,0
2026-07,0,3528d66a75aa21590088,Agra,2026-01-06,0
2026-07,0,4eee3ebdcc6cd57cd9f9,Ahmedabad,2026-01-09,0
2026-07,0,3fc881832e0166964130,Ahmedabad,2024-09-15,0
2026-07,0,d827dcb47a2ba3c2937d,Ahmedabad,2025-03-18,0
2026-07,0,60fb5c4608e07799f8a4,Amravati,2025-12-02,0
2026-07,0,6496072cc45cb3d87810,Amravati,2026-05-14,0
2026-07,0,81b1dcc71985b7a60778,Aurangabad,2026-02-13,0
2026-07,0,3251f7cd4f18662c80f8,Aurangabad,2026-01-20,0
2026-07,0,63f5e6c820050f8666f3,Bangalore,2026-05-06,0
2026-07,0,23adf43608b8be415c14,Bangalore,2026-04-07,0
2026-07,0,b653990f07f005408b5b,Bangalore,2026-04-07,0
2026-07,0,1531f22542ef29951249,Bangalore,2026-02-03,0
2026-07,0,f6538aad3439809a3c66,Bareilly,2024-03-02,0
2026-07,0,d2f085e67a7b2a7c1858,Bhopal,2024-05-11,0
2026-07,0,c400aeb1ccef0bdd26b1,Chennai,2026-03-19,1
2026-07,0,6090a44b519d61420720,Chennai,2026-02-04,0
2026-07,0,57a6b8b73b8a2135862f,Chennai,2025-11-18,0
2026-07,0,2e982fa20a68ef4fa92e,Chennai,2025-09-06,0
2026-07,0,96eb9163323fb2e08fd5,Chennai,2025-06-24,0
2026-07,0,5a8885b199656243f733,Chennai,2025-02-01,0
2026-07,0,eeabe9fd97ad59f3e019,Delhi NCR,2026-02-10,0
2026-07,0,711b21be88b94a3eeadb,Delhi NCR,2025-06-21,0
2026-07,0,4dd5575e13248270b974,Delhi NCR,2025-06-11,0
2026-07,0,620c464e03ffff903977,Delhi NCR,2024-08-24,0
2026-07,0,41a33bc02ba90798b0d5,Delhi NCR,2026-05-14,1
2026-07,0,95126ba7b159d5003f73,Delhi NCR,2026-04-24,0
2026-07,0,bca08d8e94d3cd7ff0fc,Delhi NCR,2026-03-17,1
2026-07,0,d4ebb1a94b329150a587,Delhi NCR,2025-12-10,1
2026-07,0,e337ed210bb68726c71a,Delhi NCR,2026-02-03,0
2026-07,0,c32d0575685420cebbdd,Delhi NCR,2026-02-10,0
2026-07,0,5f74be59c6e0e0acdac1,Delhi NCR,2026-01-06,0
2026-07,0,5980b37c038e295f3bdc,Delhi NCR,2024-12-02,0
2026-07,0,55bf6459e4d63a83e7e9,Delhi NCR,2026-04-01,0
2026-07,0,a210fc4c5ee96774950c,Gwalior,2025-02-11,0
2026-07,0,7407c9d0be5dc7377905,Hyderabad,2026-04-16,0
2026-07,0,ed10299d6262d9ccf244,Hyderabad,2026-02-15,0
2026-07,0,6227a1c5c07389ed68bd,Hyderabad,2025-12-04,0
2026-07,0,4412b8f5917626eaf093,Hyderabad,2025-04-24,0
2026-07,0,8c032a6fc90d0d204be5,Indore,2025-12-09,0
2026-07,0,40c16377d69effa2346f,Indore,2025-12-09,1
2026-07,0,52907ed8cc32b8a7e728,Indore,2025-09-03,0
2026-07,0,a7fb678cd878be4cf728,Indore,2026-02-24,0
2026-07,0,c3cb23ebe09c40d84ec8,Jaipur,2026-02-17,0
2026-07,0,3079eceafe2a9f7983bc,Jaipur,2026-05-02,0
2026-07,0,63f396a0fab41f70eeac,Jaipur,2026-04-18,0
2026-07,0,079ba68f70a85387635a,Jaipur,2026-04-17,0
2026-07,0,c4a8e3451c378af411f7,Jaipur,2026-04-17,0
2026-07,0,b8e1aa5da6aa9890a922,Jaipur,2026-04-01,0
2026-07,0,55f52bfa7d0f7025f6de,Jaipur,2026-03-13,0
2026-07,0,415130a9c364d11d30ed,Jaipur,2026-03-12,0
2026-07,0,21abcb1c158060238b03,Jaipur,2026-02-24,0
2026-07,0,a3adfa90816462beff8f,Jaipur,2025-12-16,0
2026-07,0,ccc112c6e94a669be451,Jaipur,2025-12-04,0
2026-07,0,9e3783234b9443435490,Jaipur,2026-05-02,0
2026-07,0,5d68dea925d3eaf10a10,Jalgaon,2026-01-25,0
2026-07,0,5146a644f06688e6391c,Jalgaon,2026-01-19,0
2026-07,0,8536ac10ee3b8524349d,Kanpur,2026-04-17,0
2026-07,0,c1c536ae07cbec1df786,Kanpur,2026-04-02,0
2026-07,0,1c0a5a40962f18dd0030,Kanpur,2026-01-20,0
2026-07,0,211ed53088b51b3fbdcd,Kanpur,2026-01-17,0
2026-07,0,0a6ee9a58dd2c14e0ee8,Kanpur,2025-09-29,0
2026-07,0,9bcb5002453ca527c671,Kanpur,2025-08-19,0
2026-07,0,bd1d05c0cec35d3e0416,Kanpur,2025-05-13,0
2026-07,0,b0c7d99977625f7cb8d7,Kanpur,2024-12-20,0
2026-07,0,ad08db066c2007a7f4ff,Kanpur,2026-04-16,0
2026-07,0,607cf7b139d5ffdab6a6,Kanpur,2026-05-14,0
2026-07,0,c3150ae4f5d48e0f9399,Lucknow,2026-05-02,0
2026-07,0,07605da0fec8199b13a7,Lucknow,2026-04-19,0
2026-07,0,95133d347e27f20d2e78,Lucknow,2026-04-11,0
2026-07,0,0940963c2279dc8b9d04,Lucknow,2026-03-06,0
2026-07,0,2def5f682977b468a812,Lucknow,2026-02-10,0
2026-07,0,d6cce050341bd4e0ef8e,Lucknow,2026-02-03,0
2026-07,0,e2d7c5638648ace7cc0d,Lucknow,2026-01-06,0
2026-07,0,c908ab85b8ec923357ec,Lucknow,2026-01-02,0
2026-07,0,112f073e552c21a266e6,Lucknow,2026-01-02,0
2026-07,0,5303a61c3b6602a3f889,Lucknow,2026-05-02,0
2026-07,0,1e5358edddf4e1fb445b,Lucknow,2026-05-05,0
2026-07,0,c360100a6572fa3154a1,Lucknow,2026-05-12,0
2026-07,0,232b2784817de8c463f5,Lucknow,2026-05-15,0
2026-07,0,af463f113f37e55a7ae0,Lucknow,2026-05-19,0
2026-07,0,226f4e687aef37ab7470,Nagpur,2026-05-05,0
2026-07,0,d146cc07bcdabc5e1c52,Nagpur,2026-03-09,1
2026-07,0,32f7f7240d6319371559,Nagpur,2026-02-17,0
2026-07,0,deaea5bed6c5640ca554,Nagpur,2026-02-15,0
2026-07,0,b0d69372d9fdf13bcf92,Nagpur,2025-11-18,0
2026-07,0,a1e95a0a5d201922268b,Nagpur,2025-10-16,0
2026-07,0,107844f075613d8752be,Nagpur,2025-05-06,1
2026-07,0,caa26cd869d6fa3d91ea,Nagpur,2025-04-04,0
2026-07,0,8a212ae0b9dd992a95c5,Nagpur,2025-03-06,0
2026-07,0,b42782be29caa98b497c,Nagpur,2025-03-06,0
2026-07,0,e27754e778a751a7d40b,Nagpur,2025-09-02,0
2026-07,0,dacff72cf6c180042eb8,Nashik,2026-05-05,1
2026-07,0,5e12e91f673a2024957d,Nashik,2026-04-19,0
2026-07,0,15d7d0935f11432f18e6,Delhi NCR,2026-02-24,0
2026-07,0,27141ed55417f1ee031b,Delhi NCR,2025-09-10,0
2026-07,0,78655c97e95e6dcff841,Pune,2026-05-07,0
2026-07,0,45e579a89d9e1e583fbe,Pune,2026-05-02,0
2026-07,0,516990dede5f0d61c1e0,Pune,2026-03-09,0
2026-07,0,1771b819627350c978cc,Pune,2025-12-23,0
2026-07,0,449ab27cdbdf073248d8,Pune,2025-12-16,0
2026-07,0,ddb96156a12e98c0d76a,Pune,2025-11-02,0
2026-07,0,7ceecf4ea7a72f63d8fe,Pune,2025-03-26,0
2026-07,0,dec2dfcc73e2a22d8b21,Solapur,2026-04-14,0
2026-07,0,3721ac1441a0a798afb9,Vijayawada,2026-04-04,0
2026-07,0,187e5d36abb8d967743b,Vijayawada,2026-04-01,0
2026-07,0,86ffa79eae476fc61a8b,Kanpur,2026-03-22,0
2026-07,0,cdbeeffdfd3e5c7ddbe5,Varanasi,2025-10-23,0
2026-07,0,648313b223f134830fd8,Varanasi,2026-06-12,0
2026-07,0,ea3fb8493f4d25295b3b,Indore,2026-06-03,0
2026-07,0,77e2a893f94a980f522c,Ahmedabad,2026-06-10,0
2026-07,0,49ab6ec5c971aeb6ab8c,Lucknow,2025-12-23,0
2026-07,0,fac3d355f356ce8af773,Delhi NCR,2026-05-22,0
2026-07,0,642973b8fee02f45bc24,Jaipur,2026-04-18,0
2026-07,0,436e5281532c4dca8fb8,Lucknow,2025-02-09,1
2026-07,0,378732065e5018dab837,Nagpur,,1
2026-07,0,aaf5b3d7d13387fda383,Lucknow,2026-06-01,1
2026-07,0,d99cc96ffc5612821d15,Hyderabad,2026-01-22,1
2026-07,0,a80d5bfad62bcf514fb4,Bareilly,2026-02-12,0
2026-07,0,f7a2172c882cab9f7721,Bhopal,2026-06-09,0
2026-07,0,30dbc71499d0a12edd2c,Indore,2026-06-12,0
2026-07,0,8617825c9bc318a46f0f,Visakhapatnam,2026-06-19,0
2026-07,0,683fa6a70b3dd1b469ec,Amravati,2025-02-09,0
2026-07,0,3973e022e93220f9212c,Kota,,0
2026-07,0,1ab5da1f969f01c644f8,Delhi NCR,2025-08-07,1
2026-07,0,52bb6d4fe40fc28ba23e,Bhopal,2025-10-25,1
2026-07,0,664c3d49b4686f0867ca,Nagpur,2025-11-11,0
2026-07,0,85e74443210e6a1a315d,Jalgaon,2026-02-10,1
2026-07,0,2eac65201d17a8bc5255,Lucknow,2026-05-23,0
2026-07,0,8801e46fd7d9431467d3,Lucknow,2026-05-24,0
2026-07,0,116bf7aec79829bededf,Jabalpur,2026-06-09,1
2026-07,0,23ece12c50cb6343a8be,Lucknow,2026-06-02,0
2026-07,0,daa90f30bc3441072daf,Lucknow,2026-06-02,0
2026-07,0,5ba49eb864f4caf23f20,Jaipur,2026-06-06,0
2026-07,0,6ef9cae14bc570facc3a,Jaipur,2026-06-09,0
2026-07,0,a897979f93fea63984ee,Lucknow,2026-06-11,0
2026-07,0,8975685caf247609f005,Delhi NCR,2026-06-11,0
2026-07,0,e44f1dfa4e8ba78c7e54,Gwalior,2026-06-18,0
2026-07,0,65a4232e856d0e72dd8c,Jaipur,2026-06-18,0
2026-07,0,f78003e452af42471f28,Hyderabad,2026-07-01,0
2026-07,0,ca24563b53feec042b0e,Nagpur,2026-07-07,0
2026-07,0,50618326652bed45be23,Nagpur,2026-07-21,0
2026-08,0,50618326652bed45be23,Nagpur,2026-07-21,0
2026-08,0,722705a7bf9a55f58af1,Nagpur,2026-07-15,0
2026-08,1,120ac74e1c08ced135ee,Pune,2026-07-15,1
2026-08,1,f399610ad5653faf9e5d,Pune,2026-07-15,0
2026-08,1,cf086cc5e7a705c795b1,Pune,2026-07-15,0
2026-08,0,2cc5dfac325adc3b3106,Nagpur,2026-07-15,1
2026-08,0,468d0548e40c0cfd1e35,Nagpur,2026-07-14,0
2026-08,1,7938934a3e45903d7ef8,Pune,2026-07-14,0
2026-08,0,7dcbc2f39a842000cb16,Nashik,2026-07-14,0
2026-08,0,cbe62ed98da981478505,Nagpur,2026-07-12,0
2026-08,0,cc31a39c10a90c8bf4ad,Nashik,2026-07-10,0
2026-08,0,bc0b4d6ea8b57d2502da,Nagpur,2026-07-10,0
2026-08,0,8fbfdfa8fc5023d4a7c1,Hyderabad,2026-07-10,0
2026-08,0,ca24563b53feec042b0e,Nagpur,2026-07-07,0
2026-08,0,39d44718fbc2eeb6c3e7,Kanpur,2026-01-13,0
2026-08,0,47f17a8ac0107c58ac1b,Trichy,2026-07-09,0
2026-08,0,75077c063bfa7ae37c5f,Amravati,2026-07-07,0
2026-08,0,73228a6de33ad9d3aed0,Nagpur,2026-07-07,0
2026-08,1,562a2eeb3fb234bce1bb,Pune,2026-07-05,0
2026-08,0,59d2acfb51035c73604e,Bangalore,2026-05-19,0
2026-08,0,07b0f32ee5f3a46f277c,Coimbatore,2026-07-04,0
2026-08,0,2a426b669c886d6f0237,Salem,2026-07-01,0
2026-08,1,0498b840de34641f42e5,Pune,2026-07-01,0
2026-08,1,3656389c1c17cb05a7f2,Pune,2026-07-01,0
2026-08,0,42c393050bc5916d73f2,Pune,2026-07-01,0
2026-08,0,41ad2f744d539d8e4b5c,Pune,2026-07-01,0
2026-08,0,8af9215ac82fc88b62fb,Pune,2026-07-01,0
2026-08,0,3f4fbf8bd355ccb50d9c,Bangalore,2026-07-01,1
2026-08,0,9424f3a75de7c2df1170,Bangalore,2026-07-01,0
2026-08,0,dc6964c06f8f2e342cd7,Amravati,2026-07-01,0
2026-08,0,f78003e452af42471f28,Hyderabad,2026-07-01,1
2026-08,0,1a8a45d52cebba72f84a,Nagpur,2026-07-01,0
2026-08,1,ec3d2325dbb9669cc70a,Pune,2026-06-30,0
2026-08,1,5348034c4872846cfd93,Pune,2026-06-30,1
2026-08,1,29a746a4a9d9ed9a0570,Pune,2026-06-30,0
2026-08,1,ff8052502fb2e510b6fa,Pune,2026-06-30,0
2026-08,1,9374ee1532faecc57c62,Pune,2026-06-30,0
2026-08,0,cc4deb21a60e4d109194,Nagpur,2026-06-27,0
2026-08,0,2112c9a97bf21510e522,Nashik,2026-06-27,0
2026-08,0,63be47052f30923693c3,Nagpur,2026-06-25,0
2026-08,0,70b62e2eac1de6fa1db0,Varanasi,2026-06-24,0
2026-08,0,b041db7d8bb9bd679dab,Bhopal,2026-06-24,0
2026-08,0,bf0e8f83be429d24f152,Agra,2026-07-04,0
2026-08,0,1b443ab2614c7d76a2f9,Agra,2026-07-04,0
2026-08,0,6d36e96730d17b3b85ec,Agra,2026-07-01,0
2026-08,0,fad24e9e7e4847bc63b9,Gwalior,2026-06-23,0
2026-08,0,e8d7246d4f6dfba25313,Pune,2026-06-20,0
2026-08,0,793cb4f04274f5abefb2,Agra,2026-06-20,0
2026-08,0,c82dd434503e863c803f,Pune,2026-06-19,0
2026-08,0,8617825c9bc318a46f0f,Visakhapatnam,2026-06-19,0
2026-08,0,62b2527562313ddcc9f6,Kolhapur,2026-06-18,0
2026-08,0,f32e1c4b4cf8799a43a4,Nagpur,2026-06-18,0
2026-08,0,62b2527562313ddcc9f6,Kolhapur,2026-06-18,0
2026-08,0,e44f1dfa4e8ba78c7e54,Gwalior,2026-06-18,0
2026-08,0,65a4232e856d0e72dd8c,Jaipur,2026-06-18,0
2026-08,0,bbca5912b5b520a0e36f,Gwalior,2026-06-17,0
2026-08,0,78c8dc1ff92e05d9b16d,Gwalior,2026-06-17,0
2026-08,0,07920cfb936e6a35b867,Nagpur,2026-06-16,0
2026-08,0,a4e02deca8d5e891aa0c,Pune,2026-06-16,0
2026-08,0,9385f4fbdd61c91a19ab,Pune,2026-06-16,0
2026-08,0,ab28ccccf49642ca5071,Ahmedabad,2026-06-16,0
2026-08,0,60506572d72d49b52e50,Nagpur,2026-06-16,0
2026-08,0,ae75c44aef71994b0942,Hyderabad,2026-06-16,0
2026-08,0,0171b422d9927199ae51,Indore,2026-06-16,0
2026-08,0,b5a1eba9b955f21d330c,Gwalior,2026-06-16,0
2026-08,0,f158227f8a3341a24a33,Vijayawada,2026-06-16,0
2026-08,0,581c5a289ac67f8798a2,Bhopal,2026-06-16,0
2026-08,0,df3b613379f966770575,Nagpur,2026-06-16,0
2026-08,0,3c5491a635de9f7fc1b2,Pune,2026-06-15,0
2026-08,0,d8c53d4f1b9db4f949fd,Pune,2026-06-15,0
2026-08,0,f73e44b5efcdd7564f29,Coimbatore,2026-06-15,0
2026-08,0,16c3b5286fa6cd64a932,Salem,2026-06-15,0
2026-08,0,a78732efd8c2a4d82208,Nagpur,2026-06-13,0
2026-08,0,e4f2f377140a6663356e,Jabalpur,2026-06-13,0
2026-08,1,f98837ec0e90ec89339b,Pune,2026-06-12,0
2026-08,0,6d8176dd08b1d44db24d,Jabalpur,2026-06-12,0
2026-08,0,648313b223f134830fd8,Varanasi,2026-06-12,0
2026-08,0,30dbc71499d0a12edd2c,Indore,2026-06-12,0
2026-08,0,d10095dac44e1fd6a273,Hyderabad,2026-06-11,0
2026-08,0,08246be376617dad9751,Delhi NCR,2026-06-11,0
2026-08,0,094412b0ad8035f528a5,Bhopal,2026-06-11,0
2026-08,0,2734fa9b4fa93468202b,Kota,2026-06-11,0
2026-08,0,a897979f93fea63984ee,Lucknow,2026-06-11,0
2026-08,0,88833d00d1b71203fcb0,Meerut,2026-06-10,0
2026-08,0,e9147f6abf6c98fb67a6,Pune,2026-06-10,0
2026-08,0,3e3e954b6889cc2dc5a5,Nagpur,2026-06-10,0
2026-08,0,3ab2543e8db8d56d662b,Nagpur,2026-06-10,0
2026-08,0,86f3f21240ae38936d77,Pune,2026-06-10,0
2026-08,0,52562d2216e631164355,Hyderabad,2026-06-10,0
2026-08,0,7c8bd589b082411f47be,Delhi NCR,2026-06-10,0
2026-08,0,77e2a893f94a980f522c,Ahmedabad,2026-06-10,0
2026-08,0,48a0e1735810a02bc2b4,Pune,2026-06-09,0
2026-08,0,aec663c58054c702b7e0,Indore,2026-06-09,0
2026-08,0,139dd3fb7187bd8e7213,Pune,2026-06-09,0
2026-08,0,f7a2172c882cab9f7721,Bhopal,2026-06-09,0
2026-08,0,6ef9cae14bc570facc3a,Jaipur,2026-06-09,0
2026-08,0,3f01712ce4f5630baa1e,Nagpur,2026-06-07,0
2026-08,0,84475b1253fa732690ef,Lucknow,2026-06-07,0
2026-08,1,818a7787076ac55624b7,Pune,2026-06-06,1
2026-08,1,a8344eb87fd280b2dc45,Pune,2026-06-06,0
2026-08,0,806b13b5e6b58a5b3e9a,Nagpur,2026-06-06,0
2026-08,0,5ba49eb864f4caf23f20,Jaipur,2026-06-06,0
2026-08,0,3458e54029b75519b1ad,Lucknow,2026-06-05,0
2026-08,0,d58457a7ff2f45e550b3,Delhi NCR,2026-06-04,0
2026-08,0,f41383823d0f8e55e812,Delhi NCR,2026-06-04,0
2026-08,0,b80dbc93cacbba576b67,Pune,2026-06-03,0
2026-08,0,0d7bdbd909e2510d0daf,Gwalior,2026-06-03,0
2026-08,0,acb490c5ffa5273c032c,Indore,2026-06-03,0
2026-08,0,0dda6140be87e0fcac83,Indore,2026-06-03,1
2026-08,0,543cef83b7a65827d911,Kanpur,2026-06-03,0
2026-08,0,ea3fb8493f4d25295b3b,Indore,2026-06-03,0
2026-08,0,fa0cba347c57d1399081,Nagpur,2026-06-02,0
2026-08,1,0d8269c55c7c7b917cbc,Pune,2026-06-02,1
2026-08,1,209852223f2e4355a8f2,Pune,2026-06-02,0
2026-08,0,b4de337cfdabbcdcd570,Nagpur,2026-06-02,0
2026-08,0,9c40544cb9c4c53e9f71,Hyderabad,2026-06-02,0
2026-08,0,74a30c807bfa75d80d4b,Chennai,2026-06-02,0
2026-08,0,37dea5086499d32bec15,Hyderabad,2026-06-02,0
2026-08,0,5754ce40a35874830a63,Hyderabad,2026-06-02,0
2026-08,0,8d4ed24ba8a3f6a13f4e,Chennai,2026-06-02,0
2026-08,0,43e44c4959506a383c93,Hyderabad,2026-06-02,0
2026-08,0,d0b497ce5ffc35642789,Chennai,,0
2026-08,0,79f362a83d520c20608f,Chennai,2026-06-02,0
2026-08,0,26d197cae080e6654c54,Hyderabad,2026-06-02,0
2026-08,0,7b8080f66c2e2ac262e3,Delhi NCR,2026-06-02,1
2026-08,0,e1a7ca8161f7ca748a80,Lucknow,2026-06-02,0
2026-08,0,b8ca6f03542d1a11daef,Lucknow,2026-06-02,0
2026-08,0,320e9a68e7cf20dc5078,Lucknow,2026-06-02,0
2026-08,0,23ece12c50cb6343a8be,Lucknow,2026-06-02,0
2026-08,0,daa90f30bc3441072daf,Lucknow,2026-06-02,0
2026-08,0,e3a0ab08c82e0b1219bd,Ahmedabad,2026-06-01,0
2026-08,0,029afa8bbc5afbc57a32,Vijayawada,2026-06-01,0
2026-08,0,2872b060b5622557ef73,Nashik,2026-05-27,0
2026-08,0,e2b11f2dbaa4b79b7e1a,Delhi NCR,2026-05-25,0
2026-08,0,2872b060b5622557ef73,Nashik,2026-05-24,0
2026-08,0,8801e46fd7d9431467d3,Lucknow,2026-05-24,0
2026-08,0,b5577960bf244f7f7ad8,Kanpur,2026-05-23,0
2026-08,0,455a3b93a1956dfeb6e1,Gwalior,2026-05-23,0
2026-08,0,2eac65201d17a8bc5255,Lucknow,2026-05-23,0
2026-08,0,da9e6a3eb90b46928d3c,Lucknow,2026-05-22,1
2026-08,0,fac3d355f356ce8af773,Delhi NCR,2026-05-22,0
2026-08,0,47efead48bba1a5c8a63,Amravati,2026-05-21,0
2026-08,0,0da19a615c910f791b1f,Bhopal,2026-05-20,0
2026-08,0,f7259c8b4df138c4001e,Hyderabad,2026-05-19,0
2026-08,0,f160194567d1728b2456,Hyderabad,2026-05-19,0
2026-08,0,e96f614b5d2acbff8bcc,Kota,2026-05-19,0
2026-08,0,457120011a979c06e256,Lucknow,2026-05-19,0
2026-08,0,c100072709eb566cd347,Lucknow,2026-05-19,1
2026-08,0,af463f113f37e55a7ae0,Lucknow,2026-05-19,0
2026-08,0,147bbc0476461326de10,Kota,2026-07-04,0
2026-08,0,2ef8f467477399eeec52,Kanpur,2026-05-17,0
2026-08,1,c35b71cdefae40d0de52,Pune,2026-05-15,1
2026-08,1,b67691783dcd56da43ae,Pune,2026-05-15,0
2026-08,0,93405add4accc56e6e17,Gwalior,2026-05-15,0
2026-08,0,32975232006177729256,Nagpur,2026-05-15,0
2026-08,0,50972244868cadf189a9,Nagpur,2026-05-15,0
2026-08,0,c4321aad11f40182fef1,Delhi NCR,2026-05-15,0
2026-08,0,232b2784817de8c463f5,Lucknow,2026-05-15,0
2026-08,1,561c5b79f863ba75c251,Pune,2026-05-14,0
2026-08,1,a3f368246839803328d8,Pune,2026-05-14,0
2026-08,0,6496072cc45cb3d87810,Amravati,2026-05-14,0
2026-08,0,607cf7b139d5ffdab6a6,Kanpur,2026-05-14,0
2026-08,0,e82fd4ea7d8e4c7f7fac,Gwalior,2026-05-13,1
2026-08,0,6eeb9d1fd2f88410ef9a,Bangalore,2026-05-12,0
2026-08,0,3c34437f227637551574,Bhopal,2026-05-12,0
2026-08,0,c360100a6572fa3154a1,Lucknow,2026-05-12,1
2026-08,0,f7de9470de0c63c7f789,Lucknow,2026-05-10,0
2026-08,0,3391a94f5ba63775a81d,Kolhapur,2026-05-10,0
2026-08,0,a4dc75e69271fa053303,Chennai,2026-05-08,0
2026-08,0,940c6556184c36c3e317,Kanpur,2026-05-08,0
2026-08,0,453022a82ebae24146fc,Bangalore,2026-05-07,0
2026-08,0,f051b63ccbc679b92909,Jaipur,2026-05-07,0
2026-08,0,343364f5093d4c18cac9,Jaipur,2026-05-07,0
2026-08,0,78655c97e95e6dcff841,Pune,2026-05-07,0
2026-08,0,504129d4870920093ae4,Bhopal,2026-05-06,1
2026-08,0,63f5e6c820050f8666f3,Bangalore,2026-05-06,1
2026-08,1,f9cd3331598735587cdd,Pune,2026-05-05,0
2026-08,1,152bca20d7b4ac317dcf,Pune,2026-05-05,1
2026-08,0,2e37d1052800c0f0b06a,Bangalore,2026-05-05,0
2026-08,0,c613c68f309f1d741ded,Hyderabad,2026-05-05,0
2026-08,0,c586b11d8454ab689d09,Hyderabad,2026-05-05,0
2026-08,0,465d33bb3ef1c960f159,Varanasi,2026-05-05,0
2026-08,0,1e5358edddf4e1fb445b,Lucknow,2026-05-05,0
2026-08,0,226f4e687aef37ab7470,Nagpur,2026-05-05,0
2026-08,0,a045908dc5e27d9407fa,Nashik,2026-05-03,0
2026-08,1,d09e696dfc2af8e7f44f,Pune,2026-05-02,0
2026-08,1,2bcf26899fb7a8d11299,Pune,2026-05-02,0
2026-08,0,193239ca65a787cdd124,Aurangabad,2026-05-02,0
2026-08,0,88067c9b3150a8c67c1c,Hyderabad,2026-05-02,0
2026-08,0,5eb99f20d90bc1cf865d,Hyderabad,2026-05-02,1
2026-08,0,0980dd9ea60d385fb646,Jaipur,2026-05-02,0
2026-08,0,f131d47aee6de88f4ca9,Jaipur,2026-05-02,0
2026-08,0,03a45cf894785161677c,Jaipur,2026-05-02,1
2026-08,0,935e6207649297ae33a1,Jaipur,2026-05-02,1
2026-08,0,8db36feee7936efe775e,Varanasi,2026-05-02,0
2026-08,0,dd57972cac2e7155f775,Kanpur,2026-05-02,0
2026-08,0,5712293289d733200acc,Kanpur,2026-05-02,0
2026-08,0,6a536a7f9901fe77eef1,Nashik,2026-05-02,0
2026-08,0,3079eceafe2a9f7983bc,Jaipur,2026-05-02,0
2026-08,0,9e3783234b9443435490,Jaipur,2026-05-02,0
2026-08,0,c3150ae4f5d48e0f9399,Lucknow,2026-05-02,0
2026-08,0,5303a61c3b6602a3f889,Lucknow,2026-05-02,0
2026-08,0,45e579a89d9e1e583fbe,Pune,2026-05-02,0
2026-08,0,3ff3760a585b719b4aed,Bhopal,2026-04-24,0
2026-08,0,e9cc169a8496be543216,Chennai,2026-04-24,0
2026-08,0,95126ba7b159d5003f73,Delhi NCR,2026-04-24,0
2026-08,1,1cd2a1aa22653be6c8d3,Pune,2026-04-21,1
2026-08,1,76c8921e572acb62ca3e,Pune,2026-04-21,0
2026-08,0,5ed6c9910323186b2de0,Jaipur,2026-04-21,1
2026-08,0,07605da0fec8199b13a7,Lucknow,2026-04-19,0
2026-08,0,5e12e91f673a2024957d,Nashik,2026-04-19,0
2026-08,0,63b7cadbe62e2c427906,Lucknow,2026-04-18,0
2026-08,0,63f396a0fab41f70eeac,Jaipur,2026-04-18,0
2026-08,0,642973b8fee02f45bc24,Jaipur,2026-04-18,0
2026-08,1,ca2bf4416d006cb86d86,Pune,2026-04-17,0
2026-08,0,53594ca6ea4e4986ee92,Kolhapur,2026-05-15,1
2026-08,0,e52d05c26d372e437969,Kolhapur,2026-04-02,1
2026-08,1,d8b104c77c7851021ef6,Pune,2026-04-17,1
2026-08,0,020bfd6a8aa8a47e3289,Lucknow,2026-04-17,0
2026-08,0,079ba68f70a85387635a,Jaipur,2026-04-17,0
2026-08,0,c4a8e3451c378af411f7,Jaipur,2026-04-17,0
2026-08,0,8536ac10ee3b8524349d,Kanpur,2026-04-17,0
2026-08,0,ea3dc11650a07c9aa681,Jaipur,2026-04-16,0
2026-08,0,7407c9d0be5dc7377905,Hyderabad,2026-04-16,1
2026-08,0,ad08db066c2007a7f4ff,Kanpur,2026-04-16,0
2026-08,0,4fa6c1300322ff867d7d,Meerut,2026-04-15,0
2026-08,0,4c643a191a5a01092a57,Indore,2026-04-14,0
2026-08,0,1128068edf28f33dae74,Jaipur,2026-04-14,0
2026-08,0,2cae9a50f42e9dd42a83,Jaipur,2026-04-14,0
2026-08,0,59788dd8af7052be2582,Kanpur,2026-04-14,0
2026-08,0,8194b6c7d1b9a33ebcb0,Lucknow,2026-04-14,0
2026-08,0,e53202efe338dd516e4b,Lucknow,2026-04-14,0
2026-08,1,6ac20f2ea35fe52bd87e,Pune,2026-04-14,1
2026-08,1,4703afdda1838c43ccff,Pune,2026-04-14,0
2026-08,0,940e77ca7ff7d2bb7903,Meerut,2026-04-14,0
2026-08,0,dec2dfcc73e2a22d8b21,Solapur,2026-04-14,1
2026-08,0,7eccf891481de58377f2,Jaipur,2026-04-11,1
2026-08,1,a01df254e4e3d12b3ed3,Pune,2026-04-11,0
2026-08,0,95133d347e27f20d2e78,Lucknow,2026-04-11,0
2026-08,1,3ef01eb2bb8df6bdc235,Pune,2026-04-10,0
2026-08,0,0096436f406d0ed99eb2,Hyderabad,2026-04-10,1
2026-08,0,8c1b042ff5d29c93072b,Kanpur,2026-04-10,0
2026-08,0,28ecd424bafdc122e7ef,Lucknow,2026-04-10,0
2026-08,0,92c640557cf691553fff,Jabalpur,2026-04-10,0
2026-08,0,eefba9c554e777f751d2,Lucknow,2026-04-07,0
2026-08,0,ddae0a3702c7fd506ffb,Lucknow,2026-04-07,0
2026-08,0,23adf43608b8be415c14,Bangalore,2026-04-07,1
2026-08,0,7f7a5a91fd1afe84be73,Nagpur,2026-05-02,1
2026-08,0,b653990f07f005408b5b,Bangalore,2026-04-07,0
2026-08,0,ebf5c3be813da95a7b6c,Chennai,2026-04-04,0
2026-08,0,89f6269bdf9eab54f6f5,Meerut,2026-04-04,0
2026-08,0,19e6ca2b93948db30a00,Solapur,2026-04-04,0
2026-08,0,3721ac1441a0a798afb9,Vijayawada,2026-04-04,0
2026-08,0,183580685ab6fff8d555,Amravati,2026-04-03,0
2026-08,0,5180531302fd4a1340f7,Ahmedabad,2026-04-02,0
2026-08,0,9e51a10e2a65f7ae40b2,Chennai,2026-04-02,0
2026-08,0,191ca1244023984ceba9,Chennai,2026-04-02,0
2026-08,0,27aba481fc112fa34dcb,Nagpur,2025-09-02,1
2026-08,0,5fdb34dbf8a1f7953b8b,Nagpur,2025-08-19,1
2026-08,0,3f5e46542c13cff08a15,Gwalior,2026-04-02,0
2026-08,0,57607d7f0222577e9993,Kanpur,2026-04-02,0
2026-08,0,adf53ff37132f23fae48,Nagpur,2026-04-02,0
2026-08,0,c1c536ae07cbec1df786,Kanpur,2026-04-02,0
2026-08,1,c5e38ae54ad0ea5d9841,Pune,2026-04-01,1
2026-08,0,ebd3cbe4ea5fdb539da4,Agra,2026-04-01,0
2026-08,0,55bf6459e4d63a83e7e9,Delhi NCR,2026-04-01,0
2026-08,0,b8e1aa5da6aa9890a922,Jaipur,2026-04-01,1
2026-08,0,187e5d36abb8d967743b,Vijayawada,2026-04-01,0
2026-08,0,c512d17fdcb72621f59e,Chennai,2026-03-24,0
2026-08,0,86ffa79eae476fc61a8b,Kanpur,2026-03-22,0
2026-08,0,fb39ab164668e44b5fcc,Varanasi,2026-03-18,0
2026-08,1,c4a261779742d4febc47,Pune,2026-03-17,1
2026-08,1,73225ba136bd13f6e1c6,Pune,2026-03-17,0
2026-08,0,4a25a3411ced8ca358b6,Delhi NCR,2026-03-17,0
2026-08,0,065c78e8d4f0e1fb3c54,Nashik,2026-03-17,0
2026-08,1,585231c621bbd3994034,Pune,2026-03-17,0
2026-08,0,10f796c4ff08d6111b94,Lucknow,2026-03-14,0
2026-08,0,55f52bfa7d0f7025f6de,Jaipur,2026-03-13,0
2026-08,0,415130a9c364d11d30ed,Jaipur,2026-03-12,0
2026-08,0,dd06b597cc7fc96f7f2e,Amravati,2026-03-10,0
2026-08,1,2d7b45536aed9680b17b,Pune,2026-03-10,0
2026-08,1,eb41bebebfb394d36aac,Pune,2026-03-10,0
2026-08,0,ce2ae45d0154e875ad1a,Bareilly,2026-03-09,0
2026-08,0,070d3ba8bfa5002c1097,Nagpur,2026-03-09,0
2026-08,0,60ffe7e17e3870c65715,Nagpur,2026-03-09,1
2026-08,0,751fd8ff8a6a08a7d0b3,Nashik,2026-03-09,0
2026-08,1,72205173ba9e108ae2bd,Pune,2026-03-09,1
2026-08,0,7a713af83e4e2f98d471,Bareilly,2026-03-09,0
2026-08,0,20c5f38e6a9d26c00953,Nagpur,2026-03-09,0
2026-08,0,68d3d81fac227a120f81,Aurangabad,2026-03-09,1
2026-08,0,516990dede5f0d61c1e0,Pune,2026-03-09,1
2026-08,0,a06a89d9198559a27d47,Hyderabad,2026-03-07,1
2026-08,1,484a8e276438a9009469,Pune,2026-03-07,1
2026-08,0,0940963c2279dc8b9d04,Lucknow,2026-03-06,0
2026-08,0,524a1aacaaa46a62920e,Agra,2026-03-05,0
2026-08,0,7e935d513895423a530b,Aurangabad,2026-03-05,0
2026-08,0,188c5e0db53f650f0669,Aurangabad,2026-03-05,0
2026-08,0,9ee7ef1eac3cd9573a95,Bangalore,2026-03-05,0
2026-08,0,fe9af3875a8d9563287f,Bangalore,2026-03-05,0
2026-08,0,903dc3526d272ffb51e1,Bareilly,2026-03-05,1
2026-08,0,9d511af3abd4ba9bd9fb,Kolhapur,2026-03-05,0
2026-08,0,a07b6c2c74bab71b2cc0,Nagpur,2026-03-05,0
2026-08,0,ed603c0574e7e0c47cad,Pune,2026-03-05,1
2026-08,0,26f7521695ac86b7249d,Lucknow,2026-03-01,0
2026-08,1,f3feb1f9d41049bf8194,Pune,2026-03-01,1
2026-08,0,17e60b3f744007042d2c,Jabalpur,2026-02-24,0
2026-08,0,835f97a0e6f46db2a96a,Hyderabad,2026-02-24,0
2026-08,0,860c16ccc1ce02820a66,Jaipur,2026-02-24,0
2026-08,0,50e64c7f989d64ffc476,Jalgaon,2026-02-24,0
2026-08,0,9fdcf67fd018b1280a1c,Pune,2026-02-24,0
2026-08,0,a7fb678cd878be4cf728,Indore,2026-02-24,0
2026-08,0,21abcb1c158060238b03,Jaipur,2026-02-24,0
2026-08,0,15d7d0935f11432f18e6,Delhi NCR,2026-02-24,0
2026-08,0,6d6fe0e6852d58d29a16,Surat,2025-08-28,0
2026-08,0,d331683d6fe4ce01702b,Agra,2026-02-22,0
2026-08,0,d43a171d338d2d25d752,Chennai,2026-02-20,0
2026-08,0,f27a5c1c7bd3848c0b60,Pune,2026-02-20,0
2026-08,0,d43e30476fea854621b1,Amravati,2026-02-17,0
2026-08,0,c3cb23ebe09c40d84ec8,Jaipur,2026-02-17,0
2026-08,0,32f7f7240d6319371559,Nagpur,2026-02-17,0
2026-08,1,54861470a6d8062048b8,Pune,2026-02-15,0
2026-08,1,1fc445a58b5cf6cf3ab1,Pune,2026-02-15,0
2026-08,1,7be0af05d6d353716db7,Pune,2026-02-15,0
2026-08,0,c7877a1df598d6f374c0,Solapur,2026-02-15,1
2026-08,0,e62652590896d5b6fd90,Solapur,2026-02-15,0
2026-08,0,ed10299d6262d9ccf244,Hyderabad,2026-02-15,0
2026-08,0,deaea5bed6c5640ca554,Nagpur,2026-02-15,0
2026-08,0,6d77b55238e70f66fb03,Solapur,2026-02-14,1
2026-08,0,81b1dcc71985b7a60778,Aurangabad,2026-02-13,1
2026-08,0,893b7ca2d8d78c467ee5,Jaipur,2026-02-12,0
2026-08,0,a80d5bfad62bcf514fb4,Bareilly,2026-02-12,1
2026-08,0,dd1366c2f2306e7d0468,Jaipur,2026-02-10,0
2026-08,0,8e15dbd038e322ffca27,Solapur,2026-02-10,1
2026-08,0,eeabe9fd97ad59f3e019,Delhi NCR,2026-02-10,0
2026-08,0,c32d0575685420cebbdd,Delhi NCR,2026-02-10,0
2026-08,0,2def5f682977b468a812,Lucknow,2026-02-10,0
2026-08,0,c3f3420e5fc5c0ebb3b0,Coimbatore,2026-02-08,0
2026-08,0,97d2a75d53d9714a12b1,Kanpur,2026-02-04,0
2026-08,0,6090a44b519d61420720,Chennai,2026-02-04,0
2026-08,0,c2587b4391ffd7dff3c8,Nagpur,2026-06-09,1
2026-08,1,2d8296fc00fa8dd6d03c,Pune,2026-02-03,1
2026-08,0,e72225936adc4b4a16c8,Chennai,2026-02-03,0
2026-08,0,40722cef356d0518fd9f,Hyderabad,2026-02-03,0
2026-08,0,db1a574b3657ae4cab85,Kanpur,2026-02-03,0
2026-08,0,d3e4a57dbd0515f5a8ea,Kanpur,2026-02-03,0
2026-08,0,ba3b25c59c12fbc352ca,Nagpur,2026-02-03,0
2026-08,1,7d209d1df9b467d7bc0c,Pune,2026-02-03,0
2026-08,1,f4739d0d7caac470fe29,Pune,2026-02-03,0
2026-08,1,c99ea3b866b00d7f0987,Pune,2026-02-03,0
2026-08,1,f7858a8f5ee06e142859,Pune,2026-02-03,0
2026-08,1,77569fec10cb4325a45d,Pune,2026-02-03,1
2026-08,1,3119767867449b2737c3,Pune,2026-02-03,0
2026-08,1,ff529f739d825b695186,Pune,2026-02-03,0
2026-08,1,acffc27ab59cb7b8f8df,Pune,2026-02-03,0
2026-08,1,61236c211d6ef351dd92,Pune,2026-02-03,1
2026-08,0,1531f22542ef29951249,Bangalore,2026-02-03,1
2026-08,0,e337ed210bb68726c71a,Delhi NCR,2026-02-03,0
2026-08,0,d6cce050341bd4e0ef8e,Lucknow,2026-02-03,0
2026-08,0,e81aa1e9fdbc46d6eb29,Bareilly,2026-02-02,0
2026-08,0,56ff03a4b52a6a061d76,Chennai,2026-02-01,0
2026-08,0,69967c7fdb56bb0b4d52,Kanpur,2026-02-01,0
2026-08,1,fd9f1e1c57d7512ef096,Pune,2026-02-01,0
2026-08,0,5d68dea925d3eaf10a10,Jalgaon,2026-01-25,1
2026-08,0,c5b28a6a0d3c726f2f75,Meerut,2026-01-24,0
2026-08,0,6173f2b358a1420f0b6f,Lucknow,2026-01-24,0
2026-08,0,edeb519e7e22cb8724e1,Lucknow,2026-01-22,0
2026-08,0,41a4b10534b99cc8d805,Bareilly,2026-01-20,0
2026-08,0,33d869136297cbd760e8,Delhi NCR,2026-01-20,0
2026-08,0,c7d972da80d3a906665b,Delhi NCR,2026-01-20,0
2026-08,0,e7c911afebd2e9513466,Gwalior,2026-01-20,1
2026-08,0,b4a6adc3130c35e740da,Jalgaon,2026-01-20,0
2026-08,0,1a2d87bff3492f3a886a,Kolhapur,2026-01-20,0
2026-08,0,1e046bc454094e10b439,Kolhapur,2026-01-20,0
2026-08,0,10615d6b801693114e52,Lucknow,2026-01-20,0
2026-08,0,aca8dc607f26e4331fe7,Nagpur,2026-01-20,1
2026-08,0,7c82f02075b3136531e9,Nagpur,2026-01-20,0
2026-08,1,f8a434345b9736312b9e,Pune,2026-01-20,0
2026-08,1,ec249e96c788b13130a3,Pune,2026-01-20,1
2026-08,1,c5331285773e53122bbe,Pune,2026-01-20,0
2026-08,0,bc2aadccb249c48b8cf7,Varanasi,2026-01-20,0
2026-08,0,3251f7cd4f18662c80f8,Aurangabad,2026-01-20,0
2026-08,0,1c0a5a40962f18dd0030,Kanpur,2026-01-20,0
2026-08,1,a3cef5df89ca1463953e,Pune,2026-01-19,0
2026-08,0,5146a644f06688e6391c,Jalgaon,2026-01-19,0
2026-08,0,5ddd7feb99ea384fa19e,Agra,2026-01-18,0
2026-08,0,211ed53088b51b3fbdcd,Kanpur,2026-01-17,0
2026-08,0,8e187957037e808a0b48,Nagpur,2026-06-09,1
2026-08,0,8316f5be220c3efdc9ad,Kanpur,2026-01-13,0
2026-08,0,3ab19331265f580d57c3,Kanpur,2026-01-13,0
2026-08,1,5d72ce6c1f6e3284a8bc,Pune,2026-01-13,0
2026-08,1,baefdf485cd92e58958f,Pune,2026-01-09,0
2026-08,1,8d6cb96a6fce78056e96,Pune,2026-01-09,0
2026-08,0,3d135bfe6efe993c8634,Lucknow,2026-01-09,1
2026-08,0,4eee3ebdcc6cd57cd9f9,Ahmedabad,2026-01-09,0
2026-08,0,0bc6422f05b90982d2e3,Coimbatore,2026-01-08,0
2026-08,0,57d9656e6eb7dcb81f60,Bhopal,2026-01-06,0
2026-08,0,5a60bdfd79f6d281f304,Bhopal,2026-01-06,0
2026-08,0,06abbc2c60167e253147,Delhi NCR,2026-01-06,0
2026-08,0,be9d618d04ca88eaa98c,Indore,2026-01-06,0
2026-08,0,ef995bbf789dbcd5c613,Lucknow,2026-01-06,0
2026-08,0,3528d66a75aa21590088,Agra,2026-01-06,0
2026-08,0,5f74be59c6e0e0acdac1,Delhi NCR,2026-01-06,0
2026-08,0,e2d7c5638648ace7cc0d,Lucknow,2026-01-06,0
2026-08,0,bf51bb259f948f713580,Bangalore,2026-01-05,0
2026-08,0,af0f3cde01461af62a91,Kanpur,2026-01-04,0
2026-08,1,ab55d3c7016ee98f0c44,Pune,2026-01-03,0
2026-08,0,88fbdfdd839cb29555f2,Hyderabad,2026-01-02,0
2026-08,0,23570a986ced0e323687,Jaipur,2026-01-02,0
2026-08,0,c908ab85b8ec923357ec,Lucknow,2026-01-02,0
2026-08,0,112f073e552c21a266e6,Lucknow,2026-01-02,0
2026-08,0,66ae5dd8e3ddce830146,Ahmedabad,2025-12-23,0
2026-08,0,4cf36994dff07d681744,Bhopal,2025-12-23,0
2026-08,0,3c212943c748a4a4627a,Indore,2025-12-23,1
2026-08,0,961b65e2d2d9fc5d528a,Indore,2025-12-23,0
2026-08,0,f2ff8bcc381dacf7870d,Jabalpur,2025-12-23,0
2026-08,0,cca0227990e808ea72be,Lucknow,2025-12-23,0
2026-08,0,176ab0e141557ca0ee0e,Jabalpur,2025-12-23,0
2026-08,0,28b5199b3aef2026c8a1,Jabalpur,2025-12-23,1
2026-08,0,9dd3b162c38761f7ef92,Indore,2025-12-23,0
2026-08,0,1771b819627350c978cc,Pune,2025-12-23,0
2026-08,0,ecd2c4195726f230121b,Aurangabad,2025-12-20,0
2026-08,0,5023d1369fc33823f52d,Delhi NCR,2025-12-19,0
2026-08,0,d774a3c91d93b9820424,Delhi NCR,2025-12-17,0
2026-08,0,377295d20a71d2b8431f,Delhi NCR,2025-12-17,1
2026-08,0,29e73c74f8ca9cd47526,Pune,2025-12-17,0
2026-08,0,970ef0225bceb6b41783,Bangalore,2025-12-16,1
2026-08,1,af04f52d0220d30251a1,Pune,2025-12-16,0
2026-08,0,f92072dd91cde870f6d6,Kanpur,2025-12-16,0
2026-08,1,f3f03b411f7b96cf1899,Pune,2025-12-16,1
2026-08,0,a3adfa90816462beff8f,Jaipur,2025-12-16,1
2026-08,0,449ab27cdbdf073248d8,Pune,2025-12-16,0
2026-08,1,38ba8146ab834af94b2e,Pune,2025-12-12,1
2026-08,1,f872a95d0598daa1478b,Pune,2025-12-12,0
2026-08,0,c2857d1afdbfe35bd886,Kanpur,2025-12-09,0
2026-08,0,8c032a6fc90d0d204be5,Indore,2025-12-09,0
2026-08,0,db637ec35972960c5328,Lucknow,2025-12-06,0
2026-08,0,6227a1c5c07389ed68bd,Hyderabad,2025-12-04,0
2026-08,0,ccc112c6e94a669be451,Jaipur,2025-12-04,0
2026-08,0,7402fe09da57d88244e1,Delhi NCR,2025-12-02,0
2026-08,0,8a647173d58cd451f9c7,Gwalior,2025-12-02,0
2026-08,0,4dff04c44315c1df6217,Jaipur,2025-12-02,0
2026-08,0,a2f5ad8382f9ec96eaf6,Nashik,2025-12-02,0
2026-08,0,666ca1396bb995fec84c,Varanasi,2025-12-02,0
2026-08,0,60fb5c4608e07799f8a4,Amravati,2025-12-02,0
2026-08,0,3d0fa2726aa42d2c0d78,Kanpur,2025-12-01,0
2026-08,0,6d15b930850138ee419a,Nagpur,2025-11-20,0
2026-08,0,c29a3c9af770fc326133,Pune,2025-11-20,0
2026-08,0,35015c88e86365279339,Nagpur,2025-11-18,1
2026-08,1,4ebb3dafd4c4e84c534a,Pune,2025-11-18,0
2026-08,0,57a6b8b73b8a2135862f,Chennai,2025-11-18,0
2026-08,0,70e9abfecb4e2b0efc3c,Indore,2025-11-16,0
2026-08,1,7d82fe7f2304f50c55b1,Pune,2025-11-11,0
2026-08,0,2c74f86f59b4beed964e,Lucknow,2025-11-11,0
2026-08,1,e4ede5b59d43b77035ec,Pune,2025-11-07,0
2026-08,0,5ed377ef7c71a53e0194,Lucknow,2025-11-04,0
2026-08,0,ddb96156a12e98c0d76a,Pune,2025-11-02,0
2026-08,0,8ccaff1fa3a62cc1b2c8,Jabalpur,2025-11-01,0
2026-08,0,5c103e80774cd4e2c9c2,Lucknow,2025-10-29,0
2026-08,1,2554c3a46043d5010a00,Pune,2025-10-28,0
2026-08,0,4be543adbd6c689a8af7,Ahmedabad,2025-10-28,0
2026-08,0,2eadb69f488ec06ff256,Pune,2025-10-28,0
2026-08,1,d036d10eaf710ac5c301,Pune,2025-10-27,0
2026-08,0,cdbeeffdfd3e5c7ddbe5,Varanasi,2025-10-23,0
2026-08,0,edafdcb719b8a495dece,Bangalore,2025-10-17,0
2026-08,0,a1e95a0a5d201922268b,Nagpur,2025-10-16,0
2026-08,0,e99f18cabca9b61aac40,Kanpur,2025-10-15,0
2026-08,1,97058919e5975a19a535,Pune,2025-10-13,0
2026-08,0,485f050a04eff8b38cca,Gwalior,2025-10-11,0
2026-08,0,13bdc97321cf6e8b1320,Bhopal,2025-10-10,0
2026-08,0,22b72bc892eb8ee93374,Indore,2025-10-10,0
2026-08,0,c7e4758086fd435be104,Pune,2025-10-10,1
2026-08,0,5a0122c5ae7cb76203b7,Gwalior,2025-10-09,1
2026-08,1,a0278fcf47bf91133b1f,Pune,2025-10-08,0
2026-08,0,39be6a84e21d3586ae5d,Chennai,2025-10-07,0
2026-08,0,8af90a9a9cbdbe7b0324,Kanpur,2025-10-07,0
2026-08,1,7530242af358eb24386c,Pune,2025-10-07,0
2026-08,0,314527010807bd48d965,Pune,2025-10-07,0
2026-08,0,2d6d05ea17017c92abd8,Pune,2025-10-07,0
2026-08,0,b1734db2e1208b4f5b5f,Indore,2025-10-03,0
2026-08,0,ae74d554b1456bc360a5,Chennai,2025-10-03,0
2026-08,0,67b38b2ab6fa8e5040bb,Kanpur,2025-10-03,0
2026-08,0,8f3cc9244a681a0060c2,Indore,2025-10-02,0
2026-08,1,bab5cfc5a6ef5acdb835,Pune,2025-09-30,0
2026-08,0,970281389897ff293cec,Jabalpur,2025-09-23,0
2026-08,0,4c18cc5f09ae92174667,Kanpur,2025-09-23,0
2026-08,0,2009b1c0f7a0690e3f5f,Kanpur,2025-09-23,0
2026-08,0,6c1eaeb90997a0deeed7,Kanpur,2025-09-23,1
2026-08,0,0957f7addef4bec9e562,Kanpur,2025-09-23,0
2026-08,0,45645778d6d1aada1dfb,Kanpur,2025-09-23,1
2026-08,0,182e6dd3c5a2ae13e957,Lucknow,2025-09-23,0
2026-08,0,2e31740eb41662961cbc,Lucknow,2025-09-23,0
2026-08,0,d737af2f8bc244e74d6e,Lucknow,2025-09-23,0
2026-08,0,7b7d55f8ac1216337f0f,Nashik,2025-09-23,1
2026-08,0,b4e34052bcc3714e35df,Nashik,2025-09-23,1
2026-08,0,bc02defcee1497a8c323,Pune,2025-09-23,0
2026-08,0,5cb1f471a8940c65b9ab,Delhi NCR,2025-09-23,0
2026-08,0,149694d8b69932d66e7b,Lucknow,2025-09-23,0
2026-08,0,d47085d3a2ea36449f1c,Gwalior,2025-09-20,0
2026-08,0,00cc35600d4d162f502c,Nagpur,2025-09-11,0
2026-08,0,27141ed55417f1ee031b,Delhi NCR,2025-09-10,0
2026-08,0,2ef2b547dfe20f0c2d01,Lucknow,2025-09-09,0
2026-08,1,8ba0d201c88fb560c515,Pune,2025-09-09,1
2026-08,0,7cf65a70cd64a7193098,Pune,2025-09-09,0
2026-08,0,6fcddd3d33f9a509a416,Amravati,2025-09-06,0
2026-08,0,2e982fa20a68ef4fa92e,Chennai,2025-09-06,0
2026-08,0,eca7daa1db1bbe01a37c,Nagpur,2025-09-04,1
2026-08,0,52907ed8cc32b8a7e728,Indore,2025-09-03,0
2026-08,0,333d9f65775b470a0818,Kanpur,2025-09-02,0
2026-08,0,5395625df9f1457833ea,Nagpur,2025-09-02,0
2026-08,1,5e9e48b02b7a510a0938,Pune,2025-09-02,0
2026-08,1,b06a1564fcb27bf948cc,Pune,2025-09-02,0
2026-08,0,e27754e778a751a7d40b,Nagpur,2025-09-02,0
2026-08,0,1afb80a01884aeea27c6,Lucknow,2025-09-01,0
2026-08,0,03edec8da70ecbbfd936,Varanasi,2025-09-01,0
2026-08,0,37789eb73d4e907bb6bd,Ahmedabad,2025-08-30,0
2026-08,0,96acbd11d87dd5275900,Lucknow,2025-08-25,1
2026-08,0,a085e57bb617166254fe,Pune,2025-08-19,0
2026-08,0,9bcb5002453ca527c671,Kanpur,2025-08-19,0
2026-08,1,311ba45d1a976c1d243d,Delhi NCR,2025-08-10,0
2026-08,1,38aec3fcce592a422e2e,Pune,2025-08-05,0
2026-08,1,edb00ffe35fbe7a6a6b0,Pune,2025-08-05,0
2026-08,0,8d592afe72db3c90d2e4,Coimbatore,2025-08-01,0
2026-08,0,c8e579465716fb36108f,Chennai,2025-07-28,0
2026-08,1,550e80c2ab7bbc0cbe16,Delhi NCR,2025-07-22,0
2026-08,0,93732964a1940682a22c,Pune,2025-07-22,0
2026-08,0,b58b4deeec54b4b5be7b,Delhi NCR,2025-07-10,0
2026-08,0,d4e8cc337793beb7a02f,Jaipur,2025-07-05,0
2026-08,0,fcef14f5b3bb8e542676,Pune,2025-07-01,0
2026-08,0,0634866c62613deb772d,Lucknow,2025-06-25,1
2026-08,0,96eb9163323fb2e08fd5,Chennai,2025-06-24,0
2026-08,0,711b21be88b94a3eeadb,Delhi NCR,2025-06-21,0
2026-08,1,673cb26e4c126b3b571a,Pune,2025-06-18,0
2026-08,0,47be362207192bde00b5,Pune,2025-06-18,0
2026-08,0,4985dbd5312e5baf4ac3,Lucknow,2025-06-17,0
2026-08,0,4dd5575e13248270b974,Delhi NCR,2025-06-11,0
2026-08,0,f6cc51aa4c36b3016071,Kolhapur,2025-06-10,0
2026-08,0,e822b86662078caa8787,Jabalpur,2025-06-05,0
2026-08,0,6dfd7a56254e5794028a,Nashik,2025-05-27,0
2026-08,0,32e30a573d8aa94a4d65,Nashik,2025-05-27,0
2026-08,0,442072498ae4fa9aa881,Hyderabad,2025-05-20,0
2026-08,0,7fe93a30f9cb908ec163,Lucknow,2025-05-20,0
2026-08,0,2b5d42b2e221cb24daef,Nashik,2025-05-20,0
2026-08,0,8206d855fbca677d850e,Hyderabad,2025-05-17,0
2026-08,1,64eb80c3dcbad72eedfe,Delhi NCR,2025-05-15,0
2026-08,0,bd5605f288ca9310f63b,Bhopal,2025-05-13,0
2026-08,0,bd1d05c0cec35d3e0416,Kanpur,2025-05-13,0
2026-08,0,e14c8afdc754ea7ce0b5,Jabalpur,2025-05-01,0
2026-08,0,4412b8f5917626eaf093,Hyderabad,2025-04-24,0
2026-08,1,c06a8ca3290a01c7a1b3,Pune,2025-04-08,1
2026-08,0,c915ae6ec1097159ed60,Nagpur,2025-04-07,0
2026-08,0,b58b4deeec54b4b5be7b,Delhi NCR,2025-04-06,0
2026-08,0,4bc4dd44ff4331505820,Pune,2025-04-05,0
2026-08,0,2ab12b18cf0f69ce1071,Nagpur,2025-04-01,0
2026-08,0,4f01db4d78fd7d6586fd,Pune,2025-04-01,0
2026-08,0,a1ead102df406032fb10,Lucknow,2025-03-28,0
2026-08,0,7ceecf4ea7a72f63d8fe,Pune,2025-03-26,0
2026-08,1,8fd309d0d31590950f0f,Pune,2025-03-24,0
2026-08,0,af9f80d963f85ea1c2e9,Delhi NCR,2025-03-18,0
2026-08,0,f0a533df56f48eb1f1e1,Pune,2025-03-18,0
2026-08,0,d827dcb47a2ba3c2937d,Ahmedabad,2025-03-18,0
2026-08,0,ec1d0b85ea9ef6ba956d,Kanpur,2026-01-13,0
2026-08,0,b42782be29caa98b497c,Nagpur,2025-03-06,0
2026-08,0,f62213aeb92cdc8fdceb,Ahmedabad,2025-03-01,0
2026-08,0,a210fc4c5ee96774950c,Gwalior,2025-02-11,0
2026-08,0,ace064cbdeb16c19a28a,Bhopal,2025-02-10,0
2026-08,0,5a8885b199656243f733,Chennai,2025-02-01,0
2026-08,0,c3bda8d7f37eb807a02c,Amravati,2025-01-27,0
2026-08,1,9cc7a72d28005b231f67,Pune,2025-01-27,0
2026-08,0,7efd839aaaff3ee19c7c,Pune,2025-01-27,0
2026-08,0,b812e008d28a898821a0,Bhopal,2024-12-24,0
2026-08,0,3832c57ab5c08b5955da,Aurangabad,2024-12-20,0
2026-08,0,b0c7d99977625f7cb8d7,Kanpur,2024-12-20,0
2026-08,0,5980b37c038e295f3bdc,Delhi NCR,2024-12-02,0
2026-08,0,058f3168fbb388d662f6,Jabalpur,2024-11-12,0
2026-08,0,550296fbc02da5cac723,Jabalpur,2024-11-12,0
2026-08,0,3bec596df62d547fefc3,Indore,2024-10-23,0
2026-08,0,3fc881832e0166964130,Ahmedabad,2024-09-15,0
2026-08,0,fd4bc504f128aba687ba,Varanasi,2024-09-11,0
2026-08,0,620c464e03ffff903977,Delhi NCR,2024-08-24,0
2026-08,0,b078938a3d16e1770a21,Jabalpur,2024-06-03,0
2026-08,0,d2f085e67a7b2a7c1858,Bhopal,2024-05-11,0
2026-08,0,f6538aad3439809a3c66,Bareilly,2024-03-02,0
2026-08,0,466fcdac81d479f2917d,Bhopal,2023-07-04,0
2026-08,1,67092a56c526ba6934db,Pune,2025-11-18,1
2026-08,1,3936abe6dae77094c726,Pune,,1
2026-08,0,54caffa2d57267a953e5,Lucknow,,1
2026-08,0,01c61e9142180f1c4641,Nagpur,,1
2026-08,0,6185356e6bc140632a72,Indore,,0
2026-08,0,94ba86db53d0e980fb18,Gwalior,,0
2026-08,0,2db917537adf444b2673,Bangalore,,1
2026-08,0,b33b6fdf5bdc03b08c20,Indore,,0
2026-08,0,b6223694bd08a499fb75,Bhopal,,0
2026-08,0,af24a84141430c9dcb0f,Gwalior,,0
2026-08,0,8485923ab456049105f2,Jabalpur,,0
2026-08,0,be37580474e695f12cab,Jabalpur,,1
2026-08,0,242e0d87018079ff7c73,Jabalpur,,1
2026-08,0,e5a3a020ba8350a3acd9,Indore,,1
2026-08,0,0300fbf5d0fbc025041e,Gwalior,,0
2026-08,0,2c900aced5a4aa6e938e,Pune,,1
2026-08,0,c76bb59227c1cc575a72,Jabalpur,,0
2026-08,0,51c7af2dae3adf9c2e41,Jabalpur,,0
2026-08,0,eeabdd2343fa34bc2111,Bhopal,,0
2026-08,0,75894998e9937845f3d9,Jabalpur,,0
2026-08,0,fbf540dcc6b9394217c5,Indore,,1
2026-08,0,e95b82c387be5277d6fe,Delhi NCR,2026-07-16,0
2026-08,0,94a26628208a83c8d0ec,Delhi NCR,2026-07-14,0
2026-08,0,0d53a065868659fc4539,Delhi NCR,2026-07-16,0
2026-08,0,776b6120a722ad324bb2,Delhi NCR,2026-07-07,0
2026-08,0,5db27d09fc99588f1c31,Nashik,2026-06-30,0
2026-08,0,968c3314d0becad0d2e3,Delhi NCR,2026-06-23,0
2026-08,0,044e5f4207ae22386169,Delhi NCR,2026-07-17,0
2026-08,0,a33faa3a719e8976a43b,Delhi NCR,2026-07-15,0
2026-08,0,94a26628208a83c8d0ec,Delhi NCR,2026-07-14,0
2026-08,0,5fa65edb08e0cdac2832,Jaipur,2026-07-07,0
2026-08,0,f818c74211a7c4546d3c,Jaipur,2026-07-14,0
2026-08,0,86db889e4e30d5dd4ac8,Jaipur,2026-07-11,0
2026-08,0,65f8c6c1b12b64161de2,Jaipur,2026-07-07,0
2026-08,0,fd38c9473c54823141a5,Jaipur,2026-07-14,0
2026-08,0,fa91b7ad5e01441acbaf,Jaipur,2026-07-02,0
2026-08,0,6648ce5bfe366b55bf28,Jaipur,2026-06-23,0
2026-08,0,cdaacda0ab0259f20407,Hyderabad,2026-07-15,0
2026-08,0,98a0aaaed4d26c657246,Delhi NCR,2026-06-23,0
2026-08,0,f85800e0a066a2041437,Delhi NCR,2026-07-02,0
2026-08,0,c3939e5553266c79357f,Delhi NCR,2026-07-02,0
2026-08,0,888b21941fc47b2aea96,Kanpur,2026-07-02,0
2026-08,0,f5145917c23313ce52af,Kanpur,2026-07-15,0
2026-08,1,9a2974dd3d760abd76de,Pune,2026-06-06,0
2026-08,1,ab17ed74e13a33579106,Pune,2026-08-03,0
2026-08,0,021c049cb7fe769815db,Raipur,2026-07-28,0
2026-08,0,152a06eaa9b2c6062500,Raipur,2026-08-01,0
2026-08,0,144298c60fbbd22e12ed,Raipur,2026-08-01,0
2026-08,1,4dd61fdac29c6f039b19,Pune,2025-05-19,0
2026-08,1,b1747523370fd3d159d7,Pune,2026-04-07,0
2026-08,1,36d3eb5a6c986af31bac,Pune,2026-07-21,0
2026-08,1,e7af4d24037df343df28,Indore,2026-07-24,0
2026-08,1,67938c4deca3caabc4ee,Indore,2026-07-14,0
2026-08,0,083950abcaa02d919adf,Nagpur,2026-01-20,0
2026-08,0,33128786e52c375a8cd7,Kanpur,2026-05-04,0
2026-08,0,6d991ad063282ab9a626,Nashik,2026-05-24,0
2026-08,0,139dd3fb7187bd8e7213,Pune,2026-06-09,0
2026-08,0,8975685caf247609f005,Delhi NCR,2026-06-11,0
2026-08,0,fbf540dcc6b9394217c5,Indore,2026-06-30,0
2026-08,0,70b62e2eac1de6fa1db0,Varanasi,2026-06-24,0
2026-08,0,e20ad9439b9efc7d9923,Pune,2026-07-21,0
2026-08,0,0c28be72e2b4147babb5,Aurangabad,2026-07-15,0
2026-08,0,86c4789fcd27ef33e64e,Ahmedabad,2026-07-18,0
2026-08,0,193ebb5319fd9b94285b,Nagpur,2026-07-21,0
2026-08,0,927c0189419e64e648b1,Amravati,2026-07-21,0
2026-08,0,f4a256dbb0bccd354327,Nagpur,2026-07-23,0
2026-08,0,bcfbfd1d17d579c924fe,Nagpur,2026-07-23,0
2026-08,0,b0bc4bdb2a66353c46ee,Nagpur,2026-07-25,0
2026-08,0,51aa2ea041346ccea1dc,Nagpur,2026-07-24,0
2026-08,0,f367c6277123a6317650,Nagpur,2026-07-24,0
2026-08,0,39cfb152b73bd97c3455,Aurangabad,2026-07-01,0
2026-08,0,9b0fa0548b2f8e07407a,Lucknow,2026-07-07,0
2026-08,0,f9efbe2e01efc244481f,Delhi NCR,2026-07-04,0
2026-08,0,74c3b72d5455fe069b19,Lucknow,2026-07-14,0
2026-08,0,20eea0a089653e8e6167,Jodhpur,2026-07-14,0
2026-08,0,2fd9d91a4ca5bfb755f9,Jodhpur,2026-07-14,0
2026-08,0,8482873be425fb2b66ce,Delhi NCR,2026-07-10,0
2026-08,0,978faddb97ca982883a6,Lucknow,2026-07-05,1
2026-08,0,63f652f15565dfe81cdd,Delhi NCR,2026-07-17,0
2026-08,0,aa2842874e97e185a9b2,Varanasi,2026-07-21,0
2026-08,0,f9efbe2e01efc244481f,Delhi NCR,2026-07-04,0
2026-08,0,381e49331d349d4f52ab,Varanasi,2026-07-21,0
2026-08,0,e2fb209710f77af29eee,Jaipur,2026-07-21,0
2026-08,0,8e39b763a2153396cf88,Lucknow,2026-07-19,1
2026-08,0,cb31c53fabf4f70a72b4,Jaipur,2026-07-27,0
2026-08,0,f629a924d1d24147fc5a,Chennai,2026-06-24,0
2026-08,0,2f7caef8c8de943d98fd,Nagpur,2026-08-01,0
2026-09,1,f399610ad5653faf9e5d,Pune,2026-07-15,0
2026-09,1,cf086cc5e7a705c795b1,Pune,2026-07-15,0
2026-09,0,468d0548e40c0cfd1e35,Nagpur,2026-07-14,0
2026-09,1,7938934a3e45903d7ef8,Pune,2026-07-14,0
2026-09,0,7dcbc2f39a842000cb16,Nashik,2026-07-14,0
2026-09,0,cbe62ed98da981478505,Nagpur,2026-07-12,0
2026-09,0,cc31a39c10a90c8bf4ad,Nashik,2026-07-10,0
2026-09,0,bc0b4d6ea8b57d2502da,Nagpur,2026-07-10,0
2026-09,0,8fbfdfa8fc5023d4a7c1,Hyderabad,2026-07-10,0
2026-09,0,47f17a8ac0107c58ac1b,Trichy,2026-07-09,0
2026-09,0,75077c063bfa7ae37c5f,Amravati,2026-07-07,0
2026-09,0,73228a6de33ad9d3aed0,Nagpur,2026-07-07,0
2026-09,1,562a2eeb3fb234bce1bb,Pune,2026-07-05,0
2026-09,0,59d2acfb51035c73604e,Bangalore,2026-05-19,0
2026-09,0,07b0f32ee5f3a46f277c,Coimbatore,2026-07-04,0
2026-09,0,2a426b669c886d6f0237,Salem,2026-07-01,0
2026-09,1,0498b840de34641f42e5,Pune,2026-07-01,1
2026-09,1,3656389c1c17cb05a7f2,Pune,2026-07-01,0
2026-09,0,42c393050bc5916d73f2,Pune,2026-07-01,0
2026-09,0,41ad2f744d539d8e4b5c,Pune,2026-07-01,0
2026-09,0,4dbba9eecc50109c99a6,Pune,2026-08-01,0
2026-09,0,120ac74e1c08ced135ee,Pune,2026-07-15,0
2026-09,0,8af9215ac82fc88b62fb,Pune,2026-07-01,0
2026-09,0,9424f3a75de7c2df1170,Bangalore,2026-07-01,0
2026-09,0,dc6964c06f8f2e342cd7,Amravati,2026-07-01,0
2026-09,0,1a8a45d52cebba72f84a,Nagpur,2026-07-01,0
2026-09,1,ec3d2325dbb9669cc70a,Pune,2026-06-30,0
2026-09,1,29a746a4a9d9ed9a0570,Pune,2026-06-30,0
2026-09,1,ff8052502fb2e510b6fa,Pune,2026-06-30,0
2026-09,1,9374ee1532faecc57c62,Pune,2026-06-30,0
2026-09,0,cc4deb21a60e4d109194,Nagpur,2026-06-27,1
2026-09,0,2112c9a97bf21510e522,Nashik,2026-06-27,0
2026-09,0,63be47052f30923693c3,Nagpur,2026-06-25,0
2026-09,0,70b62e2eac1de6fa1db0,Varanasi,2026-06-24,0
2026-09,0,b041db7d8bb9bd679dab,Bhopal,2026-06-24,0
2026-09,0,bf0e8f83be429d24f152,Agra,2026-07-04,0
2026-09,0,1b443ab2614c7d76a2f9,Agra,2026-07-04,0
2026-09,0,6d36e96730d17b3b85ec,Agra,2026-07-01,0
2026-09,0,fad24e9e7e4847bc63b9,Gwalior,2026-06-23,0
2026-09,0,e8d7246d4f6dfba25313,Pune,2026-06-20,0
2026-09,0,793cb4f04274f5abefb2,Agra,2026-06-20,0
2026-09,0,c82dd434503e863c803f,Pune,2026-06-19,0
2026-09,0,f32e1c4b4cf8799a43a4,Nagpur,2026-06-18,0
2026-09,0,62b2527562313ddcc9f6,Kolhapur,2026-06-18,1
2026-09,0,bbca5912b5b520a0e36f,Gwalior,2026-06-17,0
2026-09,0,78c8dc1ff92e05d9b16d,Gwalior,2026-06-17,1
2026-09,0,07920cfb936e6a35b867,Nagpur,2026-06-16,1
2026-09,0,a4e02deca8d5e891aa0c,Pune,2026-06-16,1
2026-09,0,9385f4fbdd61c91a19ab,Pune,2026-06-16,0
2026-09,0,ab28ccccf49642ca5071,Ahmedabad,2026-06-16,0
2026-09,0,60506572d72d49b52e50,Nagpur,2026-06-16,0
2026-09,0,ae75c44aef71994b0942,Hyderabad,2026-06-16,0
2026-09,0,0171b422d9927199ae51,Indore,2026-06-16,0
2026-09,0,b5a1eba9b955f21d330c,Gwalior,2026-06-16,0
2026-09,0,f158227f8a3341a24a33,Vijayawada,2026-06-16,0
2026-09,0,581c5a289ac67f8798a2,Bhopal,2026-06-16,0
2026-09,0,df3b613379f966770575,Nagpur,2026-06-16,0
2026-09,0,3c5491a635de9f7fc1b2,Pune,2026-06-15,0
2026-09,0,d8c53d4f1b9db4f949fd,Pune,2026-06-15,0
2026-09,0,f73e44b5efcdd7564f29,Coimbatore,2026-06-15,0
2026-09,0,16c3b5286fa6cd64a932,Salem,2026-06-15,0
2026-09,0,a78732efd8c2a4d82208,Nagpur,2026-06-13,0
2026-09,0,e4f2f377140a6663356e,Jabalpur,2026-06-13,0
2026-09,1,f98837ec0e90ec89339b,Pune,2026-06-12,0
2026-09,0,6d8176dd08b1d44db24d,Jabalpur,2026-06-12,0
2026-09,0,d10095dac44e1fd6a273,Hyderabad,2026-06-11,0
2026-09,0,08246be376617dad9751,Delhi NCR,2026-06-11,0
2026-09,0,094412b0ad8035f528a5,Bhopal,2026-06-11,0
2026-09,0,2734fa9b4fa93468202b,Kota,2026-06-11,0
2026-09,0,88833d00d1b71203fcb0,Meerut,2026-06-10,0
2026-09,0,e9147f6abf6c98fb67a6,Pune,2026-06-10,0
2026-09,0,3e3e954b6889cc2dc5a5,Nagpur,2026-06-10,0
2026-09,0,3ab2543e8db8d56d662b,Nagpur,2026-06-10,0
2026-09,0,52562d2216e631164355,Hyderabad,2026-06-10,0
2026-09,0,7c8bd589b082411f47be,Delhi NCR,2026-06-10,1
2026-09,0,48a0e1735810a02bc2b4,Pune,2026-06-09,0
2026-09,0,aec663c58054c702b7e0,Indore,2026-06-09,0
2026-09,0,139dd3fb7187bd8e7213,Pune,2026-06-09,0
2026-09,0,3f01712ce4f5630baa1e,Nagpur,2026-06-07,0
2026-09,0,84475b1253fa732690ef,Lucknow,2026-06-07,0
2026-09,1,a8344eb87fd280b2dc45,Pune,2026-06-06,0
2026-09,0,806b13b5e6b58a5b3e9a,Nagpur,2026-06-06,0
2026-09,0,3458e54029b75519b1ad,Lucknow,2026-06-05,0
2026-09,0,f41383823d0f8e55e812,Delhi NCR,2026-06-04,0
2026-09,0,b80dbc93cacbba576b67,Pune,2026-06-03,0
2026-09,0,0d7bdbd909e2510d0daf,Gwalior,2026-06-03,0
2026-09,0,acb490c5ffa5273c032c,Indore,2026-06-03,0
2026-09,0,fa0cba347c57d1399081,Nagpur,2026-06-02,1
2026-09,1,209852223f2e4355a8f2,Pune,2026-06-02,0
2026-09,0,b4de337cfdabbcdcd570,Nagpur,2026-06-02,0
2026-09,0,9c40544cb9c4c53e9f71,Hyderabad,2026-06-02,0
2026-09,0,74a30c807bfa75d80d4b,Chennai,2026-06-02,0
2026-09,0,37dea5086499d32bec15,Hyderabad,2026-06-02,0
2026-09,0,5754ce40a35874830a63,Hyderabad,2026-06-02,1
2026-09,0,8d4ed24ba8a3f6a13f4e,Chennai,2026-06-02,0
2026-09,0,43e44c4959506a383c93,Hyderabad,2026-06-02,0
2026-09,0,d0b497ce5ffc35642789,Chennai,2026-07-14,1
2026-09,0,79f362a83d520c20608f,Chennai,2026-06-02,0
2026-09,0,26d197cae080e6654c54,Hyderabad,2026-06-02,0
2026-09,0,e1a7ca8161f7ca748a80,Lucknow,2026-06-02,0
2026-09,0,b8ca6f03542d1a11daef,Lucknow,2026-06-02,0
2026-09,0,320e9a68e7cf20dc5078,Lucknow,2026-06-02,0
2026-09,0,e3a0ab08c82e0b1219bd,Ahmedabad,2026-06-01,0
2026-09,0,029afa8bbc5afbc57a32,Vijayawada,2026-06-01,0
2026-09,0,2872b060b5622557ef73,Nashik,2026-05-27,0
2026-09,0,e2b11f2dbaa4b79b7e1a,Delhi NCR,2026-05-25,0
2026-09,0,6d991ad063282ab9a626,Nashik,2026-05-24,0
2026-09,0,455a3b93a1956dfeb6e1,Gwalior,2026-05-23,0
2026-09,0,47efead48bba1a5c8a63,Amravati,2026-05-21,0
2026-09,0,0da19a615c910f791b1f,Bhopal,2026-05-20,0
2026-09,0,f7259c8b4df138c4001e,Hyderabad,2026-05-19,0
2026-09,0,f160194567d1728b2456,Hyderabad,2026-05-19,0
2026-09,0,e96f614b5d2acbff8bcc,Kota,2026-05-19,0
2026-09,0,457120011a979c06e256,Lucknow,2026-05-19,1
2026-09,0,147bbc0476461326de10,Kota,2026-07-04,0
2026-09,1,b67691783dcd56da43ae,Pune,2026-05-15,0
2026-09,0,93405add4accc56e6e17,Gwalior,2026-05-15,0
2026-09,0,32975232006177729256,Nagpur,2026-05-15,0
2026-09,0,50972244868cadf189a9,Nagpur,2026-05-15,0
2026-09,0,c4321aad11f40182fef1,Delhi NCR,2026-05-15,0
2026-09,1,561c5b79f863ba75c251,Pune,2026-05-14,1
2026-09,1,a3f368246839803328d8,Pune,2026-05-14,0
2026-09,1,62e9f09695504c98a6f0,Gwalior,2026-03-09,0
2026-09,0,6eeb9d1fd2f88410ef9a,Bangalore,2026-05-12,0
2026-09,0,3c34437f227637551574,Bhopal,2026-05-12,0
2026-09,0,f7de9470de0c63c7f789,Lucknow,2026-05-10,1
2026-09,0,a4dc75e69271fa053303,Chennai,2026-05-08,0
2026-09,0,39d44718fbc2eeb6c3e7,Kanpur,2026-01-13,0
2026-09,0,453022a82ebae24146fc,Bangalore,2026-05-07,0
2026-09,0,f051b63ccbc679b92909,Jaipur,2026-05-07,1
2026-09,0,343364f5093d4c18cac9,Jaipur,2026-05-07,0
2026-09,1,f9cd3331598735587cdd,Pune,2026-05-05,0
2026-09,0,c613c68f309f1d741ded,Hyderabad,2026-05-05,1
2026-09,0,c586b11d8454ab689d09,Hyderabad,2026-05-05,0
2026-09,0,465d33bb3ef1c960f159,Varanasi,2026-05-05,0
2026-09,0,a045908dc5e27d9407fa,Nashik,2026-05-03,1
2026-09,1,d09e696dfc2af8e7f44f,Pune,2026-05-02,1
2026-09,1,2bcf26899fb7a8d11299,Pune,2026-05-02,0
2026-09,0,193239ca65a787cdd124,Aurangabad,2026-05-02,0
2026-09,0,88067c9b3150a8c67c1c,Hyderabad,2026-05-02,0
2026-09,0,0980dd9ea60d385fb646,Jaipur,2026-05-02,0
2026-09,0,f131d47aee6de88f4ca9,Jaipur,2026-05-02,0
2026-09,0,8db36feee7936efe775e,Varanasi,2026-05-02,0
2026-09,0,b5577960bf244f7f7ad8,Kanpur,2026-05-23,0
2026-09,0,2ef8f467477399eeec52,Kanpur,2026-05-17,0
2026-09,0,6a536a7f9901fe77eef1,Nashik,2026-05-02,0
2026-09,0,940c6556184c36c3e317,Kanpur,2026-05-08,0
2026-09,0,3ff3760a585b719b4aed,Bhopal,2026-04-24,0
2026-09,0,e9cc169a8496be543216,Chennai,2026-04-24,0
2026-09,1,76c8921e572acb62ca3e,Pune,2026-04-21,0
2026-09,0,63b7cadbe62e2c427906,Lucknow,2026-04-18,0
2026-09,1,ca2bf4416d006cb86d86,Pune,2026-04-17,1
2026-09,0,020bfd6a8aa8a47e3289,Lucknow,2026-04-17,0
2026-09,0,dd57972cac2e7155f775,Kanpur,2026-05-02,0
2026-09,0,ea3dc11650a07c9aa681,Jaipur,2026-04-16,0
2026-09,0,5712293289d733200acc,Kanpur,2026-05-02,0
2026-09,0,4fa6c1300322ff867d7d,Meerut,2026-04-15,1
2026-09,0,4c643a191a5a01092a57,Indore,2026-04-14,0
2026-09,0,1128068edf28f33dae74,Jaipur,2026-04-14,0
2026-09,0,2cae9a50f42e9dd42a83,Jaipur,2026-04-14,1
2026-09,0,59788dd8af7052be2582,Kanpur,2026-04-14,0
2026-09,0,8194b6c7d1b9a33ebcb0,Lucknow,2026-04-14,1
2026-09,0,e53202efe338dd516e4b,Lucknow,2026-04-14,0
2026-09,1,4703afdda1838c43ccff,Pune,2026-04-14,1
2026-09,0,940e77ca7ff7d2bb7903,Meerut,2026-04-14,1
2026-09,1,a01df254e4e3d12b3ed3,Pune,2026-04-11,0
2026-09,1,3ef01eb2bb8df6bdc235,Pune,2026-04-10,1
2026-09,0,8c1b042ff5d29c93072b,Kanpur,2026-04-10,0
2026-09,0,28ecd424bafdc122e7ef,Lucknow,2026-04-10,0
2026-09,0,92c640557cf691553fff,Jabalpur,2026-04-10,0
2026-09,0,eefba9c554e777f751d2,Lucknow,2026-04-07,1
2026-09,0,ddae0a3702c7fd506ffb,Lucknow,2026-04-07,0
2026-09,0,ebf5c3be813da95a7b6c,Chennai,2026-04-04,0
2026-09,0,89f6269bdf9eab54f6f5,Meerut,2026-04-04,0
2026-09,0,19e6ca2b93948db30a00,Solapur,2026-04-04,0
2026-09,0,183580685ab6fff8d555,Amravati,2026-04-03,0
2026-09,0,5180531302fd4a1340f7,Ahmedabad,2026-04-02,1
2026-09,0,9e51a10e2a65f7ae40b2,Chennai,2026-04-02,0
2026-09,0,191ca1244023984ceba9,Chennai,2026-04-02,0
2026-09,0,3f5e46542c13cff08a15,Gwalior,2026-04-02,1
2026-09,0,57607d7f0222577e9993,Kanpur,2026-04-02,0
2026-09,0,adf53ff37132f23fae48,Nagpur,2026-04-02,1
2026-09,0,97d2a75d53d9714a12b1,Kanpur,2026-02-04,0
2026-09,0,db1a574b3657ae4cab85,Kanpur,2026-02-03,1
2026-09,0,ebd3cbe4ea5fdb539da4,Agra,2026-04-01,0
2026-09,0,c512d17fdcb72621f59e,Chennai,2026-03-24,0
2026-09,0,d3e4a57dbd0515f5a8ea,Kanpur,2026-02-03,0
2026-09,0,fb39ab164668e44b5fcc,Varanasi,2026-03-18,0
2026-09,1,73225ba136bd13f6e1c6,Pune,2026-03-17,0
2026-09,0,4a25a3411ced8ca358b6,Delhi NCR,2026-03-17,0
2026-09,0,065c78e8d4f0e1fb3c54,Nashik,2026-03-17,0
2026-09,1,585231c621bbd3994034,Pune,2026-03-17,0
2026-09,0,10f796c4ff08d6111b94,Lucknow,2026-03-14,0
2026-09,0,dd06b597cc7fc96f7f2e,Amravati,2026-03-10,0
2026-09,1,2d7b45536aed9680b17b,Pune,2026-03-10,0
2026-09,1,eb41bebebfb394d36aac,Pune,2026-03-10,0
2026-09,0,ce2ae45d0154e875ad1a,Bareilly,2026-03-09,0
2026-09,0,070d3ba8bfa5002c1097,Nagpur,2026-03-09,0
2026-09,0,751fd8ff8a6a08a7d0b3,Nashik,2026-03-09,0
2026-09,0,7a713af83e4e2f98d471,Bareilly,2026-03-09,0
2026-09,0,20c5f38e6a9d26c00953,Nagpur,2026-03-09,0
2026-09,0,524a1aacaaa46a62920e,Agra,2026-03-05,0
2026-09,0,7e935d513895423a530b,Aurangabad,2026-03-05,0
2026-09,0,188c5e0db53f650f0669,Aurangabad,2026-03-05,1
2026-09,0,9ee7ef1eac3cd9573a95,Bangalore,2026-03-05,0
2026-09,0,fe9af3875a8d9563287f,Bangalore,2026-03-05,0
2026-09,0,9d511af3abd4ba9bd9fb,Kolhapur,2026-03-05,0
2026-09,0,a07b6c2c74bab71b2cc0,Nagpur,2026-03-05,0
2026-09,0,26f7521695ac86b7249d,Lucknow,2026-03-01,0
2026-09,0,69967c7fdb56bb0b4d52,Kanpur,2026-02-01,0
2026-09,0,17e60b3f744007042d2c,Jabalpur,2026-02-24,0
2026-09,0,835f97a0e6f46db2a96a,Hyderabad,2026-02-24,0
2026-09,0,860c16ccc1ce02820a66,Jaipur,2026-02-24,0
2026-09,0,50e64c7f989d64ffc476,Jalgaon,2026-02-24,0
2026-09,0,9fdcf67fd018b1280a1c,Pune,2026-02-24,0
2026-09,0,6d6fe0e6852d58d29a16,Surat,2025-08-28,0
2026-09,0,8316f5be220c3efdc9ad,Kanpur,2026-01-13,0
2026-09,0,d331683d6fe4ce01702b,Agra,2026-02-22,0
2026-09,0,d43a171d338d2d25d752,Chennai,2026-02-20,1
2026-09,0,f27a5c1c7bd3848c0b60,Pune,2026-02-20,0
2026-09,0,d43e30476fea854621b1,Amravati,2026-02-17,0
2026-09,1,54861470a6d8062048b8,Pune,2026-02-15,0
2026-09,1,1fc445a58b5cf6cf3ab1,Pune,2026-02-15,0
2026-09,1,7be0af05d6d353716db7,Pune,2026-02-15,0
2026-09,0,e62652590896d5b6fd90,Solapur,2026-02-15,0
2026-09,0,893b7ca2d8d78c467ee5,Jaipur,2026-02-12,0
2026-09,0,dd1366c2f2306e7d0468,Jaipur,2026-02-10,0
2026-09,0,c3f3420e5fc5c0ebb3b0,Coimbatore,2026-02-08,0
2026-09,0,3ab19331265f580d57c3,Kanpur,2026-01-13,0
2026-09,0,cf04be28b894b6813501,Chennai,2026-09-02,0
2026-09,0,e72225936adc4b4a16c8,Chennai,2026-02-03,0
2026-09,0,40722cef356d0518fd9f,Hyderabad,2026-02-03,0
2026-09,0,af0f3cde01461af62a91,Kanpur,2026-01-04,0
2026-09,0,f92072dd91cde870f6d6,Kanpur,2025-12-16,0
2026-09,0,ba3b25c59c12fbc352ca,Nagpur,2026-02-03,0
2026-09,1,7d209d1df9b467d7bc0c,Pune,2026-02-03,0
2026-09,1,f4739d0d7caac470fe29,Pune,2026-02-03,0
2026-09,1,c99ea3b866b00d7f0987,Pune,2026-02-03,0
2026-09,1,f7858a8f5ee06e142859,Pune,2026-02-03,0
2026-09,1,3119767867449b2737c3,Pune,2026-02-03,0
2026-09,1,ff529f739d825b695186,Pune,2026-02-03,0
2026-09,1,acffc27ab59cb7b8f8df,Pune,2026-02-03,0
2026-09,0,e81aa1e9fdbc46d6eb29,Bareilly,2026-02-02,0
2026-09,0,56ff03a4b52a6a061d76,Chennai,2026-02-01,0
2026-09,0,c2857d1afdbfe35bd886,Kanpur,2025-12-09,0
2026-09,1,fd9f1e1c57d7512ef096,Pune,2026-02-01,0
2026-09,0,c5b28a6a0d3c726f2f75,Meerut,2026-01-24,0
2026-09,0,6173f2b358a1420f0b6f,Lucknow,2026-01-24,0
2026-09,0,edeb519e7e22cb8724e1,Lucknow,2026-01-22,0
2026-09,0,41a4b10534b99cc8d805,Bareilly,2026-01-20,0
2026-09,0,33d869136297cbd760e8,Delhi NCR,2026-01-20,0
2026-09,0,c7d972da80d3a906665b,Delhi NCR,2026-01-20,0
2026-09,0,b4a6adc3130c35e740da,Jalgaon,2026-01-20,0
2026-09,0,1a2d87bff3492f3a886a,Kolhapur,2026-01-20,1
2026-09,0,1e046bc454094e10b439,Kolhapur,2026-01-20,0
2026-09,0,10615d6b801693114e52,Lucknow,2026-01-20,0
2026-09,0,7c82f02075b3136531e9,Nagpur,2026-01-20,0
2026-09,1,f8a434345b9736312b9e,Pune,2026-01-20,0
2026-09,1,c5331285773e53122bbe,Pune,2026-01-20,0
2026-09,0,bc2aadccb249c48b8cf7,Varanasi,2026-01-20,0
2026-09,0,3d0fa2726aa42d2c0d78,Kanpur,2025-12-01,1
2026-09,1,a3cef5df89ca1463953e,Pune,2026-01-19,0
2026-09,0,5ddd7feb99ea384fa19e,Agra,2026-01-18,0
2026-09,0,8af90a9a9cbdbe7b0324,Kanpur,2025-10-07,1
2026-09,0,67b38b2ab6fa8e5040bb,Kanpur,2025-10-03,1
2026-09,0,4c18cc5f09ae92174667,Kanpur,2025-09-23,0
2026-09,1,5d72ce6c1f6e3284a8bc,Pune,2026-01-13,0
2026-09,1,baefdf485cd92e58958f,Pune,2026-01-09,0
2026-09,1,8d6cb96a6fce78056e96,Pune,2026-01-09,0
2026-09,0,2009b1c0f7a0690e3f5f,Kanpur,2025-09-23,1
2026-09,0,0bc6422f05b90982d2e3,Coimbatore,2026-01-08,0
2026-09,0,57d9656e6eb7dcb81f60,Bhopal,2026-01-06,0
2026-09,0,5a60bdfd79f6d281f304,Bhopal,2026-01-06,0
2026-09,0,06abbc2c60167e253147,Delhi NCR,2026-01-06,0
2026-09,0,be9d618d04ca88eaa98c,Indore,2026-01-06,0
2026-09,0,ef995bbf789dbcd5c613,Lucknow,2026-01-06,0
2026-09,0,0957f7addef4bec9e562,Kanpur,2025-09-23,0
2026-09,1,ab55d3c7016ee98f0c44,Pune,2026-01-03,0
2026-09,0,88fbdfdd839cb29555f2,Hyderabad,2026-01-02,0
2026-09,0,23570a986ced0e323687,Jaipur,2026-01-02,0
2026-09,0,66ae5dd8e3ddce830146,Ahmedabad,2025-12-23,0
2026-09,0,4cf36994dff07d681744,Bhopal,2025-12-23,0
2026-09,0,961b65e2d2d9fc5d528a,Indore,2025-12-23,0
2026-09,0,f2ff8bcc381dacf7870d,Jabalpur,2025-12-23,0
2026-09,0,cca0227990e808ea72be,Lucknow,2025-12-23,0
2026-09,0,176ab0e141557ca0ee0e,Jabalpur,2025-12-23,1
2026-09,0,9dd3b162c38761f7ef92,Indore,2025-12-23,0
2026-09,0,ecd2c4195726f230121b,Aurangabad,2025-12-20,0
2026-09,0,d774a3c91d93b9820424,Delhi NCR,2025-12-17,1
2026-09,0,29e73c74f8ca9cd47526,Pune,2025-12-17,0
2026-09,1,af04f52d0220d30251a1,Pune,2025-12-16,0
2026-09,0,333d9f65775b470a0818,Kanpur,2025-09-02,0
2026-09,1,f872a95d0598daa1478b,Pune,2025-12-12,1
2026-09,0,ec1d0b85ea9ef6ba956d,Kanpur,2026-01-13,0
2026-09,0,888b21941fc47b2aea96,Kanpur,2026-07-02,0
2026-09,0,db637ec35972960c5328,Lucknow,2025-12-06,0
2026-09,0,7402fe09da57d88244e1,Delhi NCR,2025-12-02,0
2026-09,0,8a647173d58cd451f9c7,Gwalior,2025-12-02,0
2026-09,0,4dff04c44315c1df6217,Jaipur,2025-12-02,0
2026-09,0,a2f5ad8382f9ec96eaf6,Nashik,2025-12-02,0
2026-09,0,666ca1396bb995fec84c,Varanasi,2025-12-02,0
2026-09,0,f5145917c23313ce52af,Kanpur,2026-07-15,0
2026-09,0,6d15b930850138ee419a,Nagpur,2025-11-20,0
2026-09,0,c29a3c9af770fc326133,Pune,2025-11-20,0
2026-09,1,4ebb3dafd4c4e84c534a,Pune,2025-11-18,0
2026-09,0,70e9abfecb4e2b0efc3c,Indore,2025-11-16,0
2026-09,1,7d82fe7f2304f50c55b1,Pune,2025-11-11,0
2026-09,0,2c74f86f59b4beed964e,Lucknow,2025-11-11,1
2026-09,1,e4ede5b59d43b77035ec,Pune,2025-11-07,0
2026-09,0,5ed377ef7c71a53e0194,Lucknow,2025-11-04,1
2026-09,0,8ccaff1fa3a62cc1b2c8,Jabalpur,2025-11-01,0
2026-09,0,5c103e80774cd4e2c9c2,Lucknow,2025-10-29,1
2026-09,1,2554c3a46043d5010a00,Pune,2025-10-28,0
2026-09,0,4be543adbd6c689a8af7,Ahmedabad,2025-10-28,0
2026-09,0,2eadb69f488ec06ff256,Pune,2025-10-28,0
2026-09,0,d9a126dce6eaf4175b53,Hyderabad,2026-08-04,0
2026-09,0,119c49df4b2574d7846b,Hyderabad,2026-08-16,0
2026-09,1,d036d10eaf710ac5c301,Pune,2025-10-27,0
2026-09,0,edafdcb719b8a495dece,Bangalore,2025-10-17,0
2026-09,1,97058919e5975a19a535,Pune,2025-10-13,1
2026-09,0,485f050a04eff8b38cca,Gwalior,2025-10-11,0
2026-09,0,13bdc97321cf6e8b1320,Bhopal,2025-10-10,0
2026-09,0,22b72bc892eb8ee93374,Indore,2025-10-10,0
2026-09,1,a0278fcf47bf91133b1f,Pune,2025-10-08,0
2026-09,0,39be6a84e21d3586ae5d,Chennai,2025-10-07,1
2026-09,1,7530242af358eb24386c,Pune,2025-10-07,0
2026-09,0,46c7eb2d4dd5612478cd,Jabalpur,2026-08-01,0
2026-09,0,fe13f5570db5378dab3f,Jabalpur,2026-08-02,0
2026-09,0,72205173ba9e108ae2bd,Jabalpur,2026-03-09,0
2026-09,0,314527010807bd48d965,Pune,2025-10-07,0
2026-09,0,2d6d05ea17017c92abd8,Pune,2025-10-07,0
2026-09,0,5de8cef14ba216856e46,Indore,2026-08-01,0
2026-09,0,d3a07d6ce3adb8f053e5,Kanpur,2026-08-08,0
2026-09,0,b1734db2e1208b4f5b5f,Indore,2025-10-03,0
2026-09,0,ae74d554b1456bc360a5,Chennai,2025-10-03,1
2026-09,0,8f3cc9244a681a0060c2,Indore,2025-10-02,0
2026-09,1,bab5cfc5a6ef5acdb835,Pune,2025-09-30,0
2026-09,0,970281389897ff293cec,Jabalpur,2025-09-23,0
2026-09,0,182e6dd3c5a2ae13e957,Lucknow,2025-09-23,0
2026-09,0,2e31740eb41662961cbc,Lucknow,2025-09-23,0
2026-09,0,d737af2f8bc244e74d6e,Lucknow,2025-09-23,1
2026-09,0,bc02defcee1497a8c323,Pune,2025-09-23,1
2026-09,0,5cb1f471a8940c65b9ab,Delhi NCR,2025-09-23,1
2026-09,0,149694d8b69932d66e7b,Lucknow,2025-09-23,1
2026-09,0,d47085d3a2ea36449f1c,Gwalior,2025-09-20,0
2026-09,0,00cc35600d4d162f502c,Nagpur,2025-09-11,0
2026-09,0,2ef2b547dfe20f0c2d01,Lucknow,2025-09-09,0
2026-09,0,7cf65a70cd64a7193098,Pune,2025-09-09,0
2026-09,0,6fcddd3d33f9a509a416,Amravati,2025-09-06,0
2026-09,0,5395625df9f1457833ea,Nagpur,2025-09-02,0
2026-09,1,5e9e48b02b7a510a0938,Pune,2025-09-02,0
2026-09,1,b06a1564fcb27bf948cc,Pune,2025-09-02,0
2026-09,0,1afb80a01884aeea27c6,Lucknow,2025-09-01,0
2026-09,0,03edec8da70ecbbfd936,Varanasi,2025-09-01,0
2026-09,0,37789eb73d4e907bb6bd,Ahmedabad,2025-08-30,1
2026-09,0,a085e57bb617166254fe,Pune,2025-08-19,0
2026-09,1,311ba45d1a976c1d243d,Delhi NCR,2025-08-10,0
2026-09,1,38aec3fcce592a422e2e,Pune,2025-08-05,0
2026-09,1,edb00ffe35fbe7a6a6b0,Pune,2025-08-05,0
2026-09,0,8d592afe72db3c90d2e4,Coimbatore,2025-08-01,0
2026-09,0,c8e579465716fb36108f,Chennai,2025-07-28,0
2026-09,1,550e80c2ab7bbc0cbe16,Delhi NCR,2025-07-22,0
2026-09,0,93732964a1940682a22c,Pune,2025-07-22,0
2026-09,0,b58b4deeec54b4b5be7b,Delhi NCR,2025-07-10,0
2026-09,0,d4e8cc337793beb7a02f,Jaipur,2025-07-05,0
2026-09,0,fcef14f5b3bb8e542676,Pune,2025-07-01,0
2026-09,1,673cb26e4c126b3b571a,Pune,2025-06-18,0
2026-09,0,47be362207192bde00b5,Pune,2025-06-18,0
2026-09,0,10f796c4ff08d6111b94,Lucknow,2025-06-17,0
2026-09,0,e822b86662078caa8787,Jabalpur,2025-06-05,0
2026-09,0,6dfd7a56254e5794028a,Nashik,2025-05-27,0
2026-09,0,32e30a573d8aa94a4d65,Nashik,2025-05-27,0
2026-09,0,442072498ae4fa9aa881,Hyderabad,2025-05-20,0
2026-09,0,2b5d42b2e221cb24daef,Nashik,2025-05-20,0
2026-09,0,8206d855fbca677d850e,Hyderabad,2025-05-17,0
2026-09,1,64eb80c3dcbad72eedfe,Delhi NCR,2025-05-15,0
2026-09,0,bd5605f288ca9310f63b,Bhopal,2025-05-13,0
2026-09,0,e14c8afdc754ea7ce0b5,Jabalpur,2025-05-01,1
2026-09,0,c915ae6ec1097159ed60,Nagpur,2025-04-07,0
2026-09,0,4bc4dd44ff4331505820,Pune,2025-04-05,0
2026-09,0,2ab12b18cf0f69ce1071,Nagpur,2025-04-01,0
2026-09,0,4f01db4d78fd7d6586fd,Pune,2025-04-01,0
2026-09,0,a1ead102df406032fb10,Lucknow,2025-03-28,0
2026-09,1,8fd309d0d31590950f0f,Pune,2025-03-24,0
2026-09,0,af9f80d963f85ea1c2e9,Delhi NCR,2025-03-18,0
2026-09,0,f0a533df56f48eb1f1e1,Pune,2025-03-18,0
2026-09,0,4fc4ec9c8d9c3fa0aa5c,Vijayawada,2026-07-01,0
2026-09,0,f62213aeb92cdc8fdceb,Ahmedabad,2025-03-01,0
2026-09,0,ace064cbdeb16c19a28a,Bhopal,2025-02-10,0
2026-09,0,c3bda8d7f37eb807a02c,Amravati,2025-01-27,0
2026-09,1,9cc7a72d28005b231f67,Pune,2025-01-27,0
2026-09,0,7efd839aaaff3ee19c7c,Pune,2025-01-27,0
2026-09,0,b812e008d28a898821a0,Bhopal,2024-12-24,0
2026-09,0,3832c57ab5c08b5955da,Aurangabad,2024-12-20,0
2026-09,0,fd4bc504f128aba687ba,Varanasi,2024-09-11,0
2026-09,0,b078938a3d16e1770a21,Jabalpur,2024-06-03,0
2026-09,0,6185356e6bc140632a72,Indore,2026-06-23,0
2026-09,0,b33b6fdf5bdc03b08c20,Indore,2026-07-03,0
2026-09,0,b6223694bd08a499fb75,Bhopal,2026-07-08,0
2026-09,0,242e0d87018079ff7c73,Jabalpur,2026-07-07,1
2026-09,0,51c7af2dae3adf9c2e41,Jabalpur,2026-07-18,0
2026-09,0,5db27d09fc99588f1c31,Nashik,2026-06-30,0
2026-09,0,5fa65edb08e0cdac2832,Jaipur,2026-07-07,0
2026-09,0,f818c74211a7c4546d3c,Jaipur,2026-07-14,0
2026-09,0,86db889e4e30d5dd4ac8,Jaipur,2026-07-11,0
2026-09,0,65f8c6c1b12b64161de2,Jaipur,2026-07-07,1
2026-09,0,fd38c9473c54823141a5,Jaipur,2026-07-14,0
2026-09,0,fa91b7ad5e01441acbaf,Jaipur,2026-07-02,1
2026-09,0,6648ce5bfe366b55bf28,Jaipur,2026-06-23,1
2026-09,0,cdaacda0ab0259f20407,Hyderabad,2026-07-15,0
2026-09,1,9a2974dd3d760abd76de,Pune,2026-06-06,0
2026-09,1,ab17ed74e13a33579106,Pune,2026-08-03,0
2026-09,0,021c049cb7fe769815db,Raipur,2026-07-28,0
2026-09,0,152a06eaa9b2c6062500,Raipur,2026-08-01,0
2026-09,0,144298c60fbbd22e12ed,Raipur,2026-08-01,0
2026-09,0,e49958241981d9d44844,Prayagraj,2026-08-16,0
2026-09,1,4dd61fdac29c6f039b19,Pune,2025-05-19,1
2026-09,1,b1747523370fd3d159d7,Pune,2026-04-07,1
2026-09,1,36d3eb5a6c986af31bac,Pune,2026-07-21,0
2026-09,1,e7af4d24037df343df28,Indore,2026-07-24,0
2026-09,1,67938c4deca3caabc4ee,Indore,2026-07-14,0
2026-09,0,083950abcaa02d919adf,,2026-01-20,0
2026-09,0,0c28be72e2b4147babb5,Aurangabad,2026-07-15,0
2026-09,0,86c4789fcd27ef33e64e,Ahmedabad,2026-07-18,0
2026-09,0,193ebb5319fd9b94285b,Nagpur,2026-07-21,0
2026-09,0,927c0189419e64e648b1,Amravati,2026-07-21,0
2026-09,0,bcfbfd1d17d579c924fe,Nagpur,2026-07-23,1
2026-09,0,b0bc4bdb2a66353c46ee,Nagpur,2026-07-25,1
2026-09,0,51aa2ea041346ccea1dc,Nagpur,2026-07-24,0
2026-09,0,f367c6277123a6317650,Nagpur,2026-07-24,0
2026-09,0,39cfb152b73bd97c3455,Aurangabad,2026-07-01,0
2026-09,0,381e49331d349d4f52ab,Varanasi,2026-07-21,0
2026-09,0,aa2842874e97e185a9b2,Varanasi,2026-07-21,0
2026-09,0,978faddb97ca982883a6,Lucknow,2026-07-05,0
2026-09,0,63f652f15565dfe81cdd,Lucknow,2026-07-07,0
2026-09,0,74c3b72d5455fe069b19,Lucknow,2026-07-14,0
2026-09,0,20eea0a089653e8e6167,Jodhpur,2026-07-14,0
2026-09,0,2fd9d91a4ca5bfb755f9,Jodhpur,2026-07-14,0
2026-09,0,8482873be425fb2b66ce,Delhi NCR,2026-07-10,0
2026-09,0,978faddb97ca982883a6,Lucknow,2026-07-05,0
2026-09,0,9b0fa0548b2f8e07407a,Lucknow,2026-07-07,0
2026-09,0,74c3b72d5455fe069b19,Lucknow,2026-07-14,0
2026-09,1,7323c8f7c40212203429,Pune,2026-08-17,0
2026-09,0,e2fb209710f77af29eee,Jaipur,2026-07-21,0
2026-09,0,cb31c53fabf4f70a72b4,Jaipur,2026-07-27,0
2026-09,0,f629a924d1d24147fc5a,Chennai,2026-06-24,0
2026-09,0,83987f0750ba6a92b1c2,Aurangabad,2026-03-17,0
2026-09,0,5b39db22205b299ee457,Meerut,2026-08-01,0
2026-09,0,cd7fbe60da53c280ed6d,Meerut,2026-08-01,0
2026-09,0,68e383fccce76c276501,Meerut,2026-08-01,0
2026-09,0,e3fcd68c080249576e58,Nagpur,2026-08-05,0
2026-09,0,8ca8796711b1b9356d3a,Nagpur,2026-08-01,1
2026-09,0,ebda9ab6a3c5a478a803,Nagpur,2026-08-17,0
2026-09,0,7e96d05a688829bc85cd,Nagpur,2026-08-06,0
2026-09,0,670bfa2c39f049708ecc,Kota,2026-08-05,0
2026-09,0,a6b2c11f58860b8664b9,Chennai,2026-08-01,0
2026-09,0,aa9b560ab9feef4ccb80,Chennai,2026-08-12,0
2026-09,0,85762770096d8a290367,Chennai,2026-08-17,0
2026-09,0,d9b50fc9025347e3ee0e,Chennai,2026-08-07,0
2026-09,0,26d9fa2904a869f70833,Jaipur,2026-08-08,0
2026-09,0,b395a085ec6d5efcf8a8,Bangalore,2026-08-06,0
2026-09,0,e6c22c8a00ede7b25796,Bangalore,2026-08-11,0
2026-09,0,d971365066d1f555456d,Bangalore,2026-08-20,0
2026-09,0,9610b60a4286b0ce37b3,Bangalore,2026-08-23,0
2026-09,0,be81e9c18fb152c24f09,Bangalore,2026-08-23,0
2026-09,0,e9135152ddac4ea7aa6c,Coimbatore,2026-08-05,0
2026-09,0,e81325ff72067b42d1cc,Amravati,2026-08-08,0
2026-09,0,13edb35a75e38607ad3d,Amravati,2026-08-01,0
2026-09,0,9526def803aa0c088151,Amravati,2026-08-13,0
2026-09,0,50700834cde40947e1d5,Agra,2026-08-01,0
2026-09,0,b395a085ec6d5efcf8a8,Bangalore,2026-08-06,0
2026-09,0,6bef67d340a1d4137c08,Bareilly,2026-08-03,0
2026-09,0,3c0930bb7e9b25007a23,Bareilly,2026-08-05,0
2026-09,0,d89bccbe5c8745a07eab,Bhopal,2026-07-21,0
2026-09,0,8c92b955a1af49005bd7,Bhopal,2026-08-01,0
2026-09,0,4f3d55891fffebe52d24,Bhopal,2026-08-07,0
2026-09,0,1863cee7203da82e4d24,Bhopal,2026-08-11,0
2026-09,0,a6b2c11f58860b8664b9,Chennai,2026-08-01,0
2026-09,0,aa9b560ab9feef4ccb80,Chennai,2026-08-12,0
2026-09,0,85762770096d8a290367,Chennai,2026-08-17,0
2026-09,0,e9135152ddac4ea7aa6c,Coimbatore,2026-08-06,0
2026-09,0,4fc4ec9c8d9c3fa0aa5c,Guntur,2026-07-01,0
2026-09,0,71cc300c9d1a463a2ad9,Gwalior,2026-08-11,0
2026-09,0,058f3168fbb388d662f6,Jabalpur,2024-11-12,0
2026-09,1,179b0799a866a4476fa3,Indore,2026-08-10,0
2026-09,0,e668ff111ac657e72c9b,Amravati,2026-08-21,0
2026-09,0,550296fbc02da5cac723,Jabalpur,2024-11-12,0
2026-09,0,bce32e8dd11b56c44a65,Jodhpur,2026-07-23,0
2026-09,0,7328bc140604584bddc0,Jodhpur,2026-08-17,0
2026-09,0,b976e8d9f3859bb78f76,Kolhapur,2026-07-24,0
2026-09,0,670bfa2c39f049708ecc,Kota,2026-08-05,0
2026-09,0,7fe93a30f9cb908ec163,Lucknow,2025-05-20,0
2026-09,0,edeb519e7e22cb8724e1,Lucknow,2026-01-22,0
2026-09,0,566286a823e63a8b98a1,Lucknow,2026-07-02,0
2026-09,0,49ab6ec5c971aeb6ab8c,Lucknow,2025-12-23,0
2026-09,0,77dece76e3153748c70c,Lucknow,2026-07-03,0
2026-09,0,af463f113f37e55a7ae0,Lucknow,2026-05-19,0
2026-09,0,ce5b4f7bfeaa44495b54,Lucknow,2026-06-23,0
2026-09,0,84e0cbacb95f348bf27b,Meerut,2025-07-04,0
2026-09,0,f3f1fa6beb256658318c,Nagpur,2026-04-02,1
2026-09,0,d1a77aeb5039c21c786b,Nagpur,2026-08-18,0
2026-09,0,d1de2638504ea371399b,Nagpur,2026-08-11,0
2026-09,0,45f5bcbf60bbde6930f6,Nashik,2026-08-01,0
2026-09,0,791931d18664ad8e514e,Prayagraj,2026-08-16,0
2026-09,0,a6c2e47694892d2b47b0,Prayagraj,2026-08-13,0
2026-09,0,be280a2916fa0ed7278b,Pune,2026-08-01,0
2026-09,1,60d67fe4f3a65a9b3a5e,Pune,2026-08-01,0
2026-09,1,dd9e516302bc10074ec2,Pune,2026-08-01,0
2026-09,1,99c65273fe1ffad2ec56,Pune,2026-08-01,1
2026-09,1,7ff7c45e6e8a4c291154,Pune,2026-08-01,0
2026-09,0,237fad119f3698d5aee1,Pune,2026-08-01,0
2026-09,1,20413f31e55ae405e8b8,Pune,2026-08-01,0
2026-09,1,a4d7b844e7d80d4f933a,Pune,2026-08-17,0
2026-09,0,4dbba9eecc50109c99a6,Pune,2026-07-24,0
2026-09,1,cfbb66c1335bc5600b87,Pune,2026-08-01,0
2026-09,1,3d8aa08af71535d7fce5,Pune,2026-08-01,0
2026-09,0,d86be988a3e87b003342,Pune,2026-08-12,0
2026-09,0,f6b540a8a2dc172acd5d,Madurai,2026-08-01,0
2026-09,0,892339b2a4b9b8ae8c92,Lucknow,2026-08-01,0
2026-09,0,8670bb3ec3c2134e9b1e,Lucknow,2026-08-01,0
2026-09,0,e46038c831641201649f,Varanasi,2026-08-01,0
2026-09,0,7b914cd0595aa91e1b3e,Pune,2026-08-17,0
2026-09,0,d6fe53df062d6cee5952,Nagpur,2026-08-18,0
2026-09,0,ca3c418c8c92ec820eae,Chennai,2026-08-22,0
2026-09,0,a1c36b71536cfeb7db2b,,2026-08-23,0
2026-09,0,6453890479ce186170d7,Delhi NCR,2026-08-21,0
2026-09,0,07fb7e1034dc05278b0b,Jaipur,2026-08-19,0
2026-09,0,c10827c861869c745d5e,Amravati,2026-08-20,0
2026-09,0,f65ee0d6489c9c3eb51e,Pune,2026-08-20,0
2026-09,0,2a8846241276bb902919,Pune,2026-08-19,0
2026-09,0,8fd6c785fdcc0ef3c89e,Nagpur,2026-08-25,0
2026-09,0,b1b15060f5e3ebbd1cfa,Kolhapur,2026-08-20,0
2026-09,0,83d31abe7cb87478c3bd,Nagpur,2026-08-25,0
2026-09,0,2fbd6112d6baa8ee3d38,Nagpur,2026-08-29,0
2026-09,0,e7620cb8856ce94b62f6,Ahmedabad,2026-08-19,0
2026-09,0,1cc20cb14d1ae50aa8e4,Delhi NCR,2026-08-04,0
2026-09,0,50618326652bed45be23,Nagpur,2026-07-21,1
2026-09,0,ca24563b53feec042b0e,Nagpur,2026-07-07,0
2026-09,0,8617825c9bc318a46f0f,Visakhapatnam,2026-06-19,0
2026-09,0,e44f1dfa4e8ba78c7e54,Gwalior,2026-06-18,0
2026-09,0,65a4232e856d0e72dd8c,Jaipur,2026-06-18,0
2026-09,0,648313b223f134830fd8,Varanasi,2026-06-12,0
2026-09,0,30dbc71499d0a12edd2c,Indore,2026-06-12,0
2026-09,0,a897979f93fea63984ee,Lucknow,2026-06-11,0
2026-09,0,77e2a893f94a980f522c,Ahmedabad,2026-06-10,0
2026-09,0,f7a2172c882cab9f7721,Bhopal,2026-06-09,0
2026-09,0,6ef9cae14bc570facc3a,Jaipur,2026-06-09,0
2026-09,0,ea3fb8493f4d25295b3b,Indore,2026-06-03,0
2026-09,0,23ece12c50cb6343a8be,Lucknow,2026-06-02,0
2026-09,0,daa90f30bc3441072daf,Lucknow,2026-06-02,0
2026-09,0,8801e46fd7d9431467d3,Lucknow,2026-05-24,1
2026-09,0,2eac65201d17a8bc5255,Lucknow,2026-05-23,0
2026-09,0,fac3d355f356ce8af773,Delhi NCR,2026-05-22,0
2026-09,0,af463f113f37e55a7ae0,Lucknow,2026-05-19,0
2026-09,0,232b2784817de8c463f5,Lucknow,2026-05-15,0
2026-09,0,6496072cc45cb3d87810,Amravati,2026-05-14,0
2026-09,0,3391a94f5ba63775a81d,Kolhapur,2026-05-10,0
2026-09,0,78655c97e95e6dcff841,Pune,2026-05-07,1
2026-09,0,1e5358edddf4e1fb445b,Lucknow,2026-05-05,0
2026-09,0,226f4e687aef37ab7470,Nagpur,2026-05-05,0
2026-09,0,3079eceafe2a9f7983bc,Jaipur,2026-05-02,0
2026-09,0,9e3783234b9443435490,Jaipur,2026-05-02,1
2026-09,0,c3150ae4f5d48e0f9399,Lucknow,2026-05-02,0
2026-09,0,5303a61c3b6602a3f889,Lucknow,2026-05-02,0
2026-09,0,45e579a89d9e1e583fbe,Pune,2026-05-02,0
2026-09,0,95126ba7b159d5003f73,Delhi NCR,2026-04-24,0
2026-09,0,07605da0fec8199b13a7,Lucknow,2026-04-19,0
2026-09,0,5e12e91f673a2024957d,Nashik,2026-04-19,0
2026-09,0,63f396a0fab41f70eeac,Jaipur,2026-04-18,0
2026-09,0,642973b8fee02f45bc24,Jaipur,2026-04-18,0
2026-09,0,079ba68f70a85387635a,Jaipur,2026-04-17,0
2026-09,0,c4a8e3451c378af411f7,Jaipur,2026-04-17,0
2026-09,0,95133d347e27f20d2e78,Lucknow,2026-04-11,0
2026-09,0,b653990f07f005408b5b,Bangalore,2026-04-07,0
2026-09,0,3721ac1441a0a798afb9,Vijayawada,2026-04-04,0
2026-09,0,55bf6459e4d63a83e7e9,Delhi NCR,2026-04-01,0
2026-09,0,187e5d36abb8d967743b,Vijayawada,2026-04-01,0
2026-09,0,55f52bfa7d0f7025f6de,Jaipur,2026-03-13,0
2026-09,0,415130a9c364d11d30ed,Jaipur,2026-03-12,0
2026-09,0,0940963c2279dc8b9d04,Lucknow,2026-03-06,0
2026-09,0,a7fb678cd878be4cf728,Indore,2026-02-24,0
2026-09,0,21abcb1c158060238b03,Jaipur,2026-02-24,0
2026-09,0,15d7d0935f11432f18e6,Delhi NCR,2026-02-24,0
2026-09,0,c3cb23ebe09c40d84ec8,Jaipur,2026-02-17,0
2026-09,0,32f7f7240d6319371559,Nagpur,2026-02-17,0
2026-09,0,ed10299d6262d9ccf244,Hyderabad,2026-02-15,0
2026-09,0,deaea5bed6c5640ca554,Nagpur,2026-02-15,0
2026-09,0,eeabe9fd97ad59f3e019,Delhi NCR,2026-02-10,0
2026-09,0,c32d0575685420cebbdd,Delhi NCR,2026-02-10,0
2026-09,0,2def5f682977b468a812,Lucknow,2026-02-10,1
2026-09,0,6090a44b519d61420720,Chennai,2026-02-04,0
2026-09,0,e337ed210bb68726c71a,Delhi NCR,2026-02-03,0
2026-09,0,d6cce050341bd4e0ef8e,Lucknow,2026-02-03,0
2026-09,0,3251f7cd4f18662c80f8,Aurangabad,2026-01-20,1
2026-09,0,5146a644f06688e6391c,Jalgaon,2026-01-19,0
2026-09,0,4eee3ebdcc6cd57cd9f9,Ahmedabad,2026-01-09,0
2026-09,0,3528d66a75aa21590088,Agra,2026-01-06,1
2026-09,0,5f74be59c6e0e0acdac1,Delhi NCR,2026-01-06,0
2026-09,0,e2d7c5638648ace7cc0d,Lucknow,2026-01-06,0
2026-09,0,c908ab85b8ec923357ec,Lucknow,2026-01-02,1
2026-09,0,112f073e552c21a266e6,Lucknow,2026-01-02,0
2026-09,0,1771b819627350c978cc,Pune,2025-12-23,0
2026-09,0,49ab6ec5c971aeb6ab8c,Lucknow,2025-12-23,0
2026-09,0,5023d1369fc33823f52d,Delhi NCR,2025-12-19,0
2026-09,0,449ab27cdbdf073248d8,Pune,2025-12-16,0
2026-09,0,8c032a6fc90d0d204be5,Indore,2025-12-09,0
2026-09,0,6227a1c5c07389ed68bd,Hyderabad,2025-12-04,0
2026-09,0,ccc112c6e94a669be451,Jaipur,2025-12-04,0
2026-09,0,60fb5c4608e07799f8a4,Amravati,2025-12-02,0
2026-09,0,57a6b8b73b8a2135862f,Chennai,2025-11-18,1
2026-09,0,ddb96156a12e98c0d76a,Pune,2025-11-02,0
2026-09,0,cdbeeffdfd3e5c7ddbe5,Varanasi,2025-10-23,0
2026-09,0,a1e95a0a5d201922268b,Nagpur,2025-10-16,0
2026-09,0,c63a4b4b2035d272a407,Jabalpur,2026-08-01,0
2026-09,0,d5a939d85dc37db4f9b5,Jabalpur,2026-08-01,0
2026-09,0,38870274d4d8e45d566d,Indore,2026-08-18,0
2026-09,0,20a9d6b0d4f8ec26d1cb,Indore,2026-08-01,0
2026-09,0,543cef83b7a65827d911,Kanpur,2026-06-03,0
2026-09,0,607cf7b139d5ffdab6a6,Kanpur,2026-05-14,0
2026-09,0,8536ac10ee3b8524349d,Kanpur,2026-04-17,0
2026-09,0,ad08db066c2007a7f4ff,Kanpur,2026-04-16,1
2026-09,0,c1c536ae07cbec1df786,Kanpur,2026-04-02,0
2026-09,0,27141ed55417f1ee031b,Delhi NCR,2025-09-10,0
2026-09,0,2e982fa20a68ef4fa92e,Chennai,2025-09-06,0
2026-09,0,52907ed8cc32b8a7e728,Indore,2025-09-03,0
2026-09,0,86ffa79eae476fc61a8b,Kanpur,2026-03-22,0
2026-09,0,1c0a5a40962f18dd0030,Kanpur,2026-01-20,0
2026-09,0,96eb9163323fb2e08fd5,Chennai,2025-06-24,0
2026-09,0,211ed53088b51b3fbdcd,Kanpur,2026-01-17,0
2026-09,0,711b21be88b94a3eeadb,Delhi NCR,2025-06-21,0
2026-09,0,4dd5575e13248270b974,Delhi NCR,2025-06-11,0
2026-09,0,f6cc51aa4c36b3016071,Kolhapur,2025-06-10,0
2026-09,0,e99f18cabca9b61aac40,Kanpur,2025-10-15,0
2026-09,0,9bcb5002453ca527c671,Kanpur,2025-08-19,0
2026-09,0,4412b8f5917626eaf093,Hyderabad,2025-04-24,0
2026-09,0,7ceecf4ea7a72f63d8fe,Pune,2025-03-26,0
2026-09,0,d827dcb47a2ba3c2937d,Ahmedabad,2025-03-18,0
2026-09,0,b42782be29caa98b497c,Nagpur,2025-03-06,0
2026-09,0,a210fc4c5ee96774950c,Gwalior,2025-02-11,0
2026-09,0,5a8885b199656243f733,Chennai,2025-02-01,0
2026-09,0,b0c7d99977625f7cb8d7,Kanpur,2024-12-20,0
2026-09,0,33128786e52c375a8cd7,Kanpur,2026-05-04,1
2026-09,0,5980b37c038e295f3bdc,Delhi NCR,2024-12-02,1
2026-09,0,3fc881832e0166964130,Ahmedabad,2024-09-15,0
2026-09,0,620c464e03ffff903977,Delhi NCR,2024-08-24,0
2026-09,0,d2f085e67a7b2a7c1858,Bhopal,2024-05-11,0
2026-09,0,f6538aad3439809a3c66,Bareilly,2024-03-02,0
2026-09,0,466fcdac81d479f2917d,Bhopal,2023-07-04,1
2026-09,0,94ba86db53d0e980fb18,Gwalior,2026-07-01,0
2026-09,0,af24a84141430c9dcb0f,Gwalior,2026-07-07,0
2026-09,0,8485923ab456049105f2,Jabalpur,2026-07-07,1
2026-09,0,be37580474e695f12cab,Jabalpur,2026-07-07,1
2026-09,0,0300fbf5d0fbc025041e,Gwalior,2026-07-13,0
2026-09,0,c76bb59227c1cc575a72,Jabalpur,2026-07-18,0
2026-09,0,eeabdd2343fa34bc2111,Bhopal,2026-07-21,0
2026-09,0,75894998e9937845f3d9,Jabalpur,2026-07-21,0
2026-09,0,e95b82c387be5277d6fe,Delhi NCR,2026-07-16,0
2026-09,0,0d53a065868659fc4539,Delhi NCR,2026-07-16,0
2026-09,0,776b6120a722ad324bb2,Delhi NCR,2026-07-07,0
2026-09,0,968c3314d0becad0d2e3,Delhi NCR,2026-06-23,0
2026-09,0,044e5f4207ae22386169,Delhi NCR,2026-07-17,0
2026-09,0,a33faa3a719e8976a43b,Delhi NCR,2026-07-15,0
2026-09,0,94a26628208a83c8d0ec,Delhi NCR,2026-07-14,0
2026-09,0,98a0aaaed4d26c657246,Delhi NCR,2026-06-23,0
2026-09,0,f85800e0a066a2041437,Delhi NCR,2026-07-02,0
2026-09,0,c3939e5553266c79357f,Delhi NCR,2026-07-02,0
2026-09,0,8975685caf247609f005,Delhi NCR,2026-06-11,0
2026-09,0,fbf540dcc6b9394217c5,Indore,2026-06-30,1
2026-09,0,e20ad9439b9efc7d9923,Pune,2026-07-21,0
2026-09,0,f4a256dbb0bccd354327,Nagpur,2026-07-23,1
2026-09,0,63f652f15565dfe81cdd,Delhi NCR,2026-07-17,0
2026-09,0,8e39b763a2153396cf88,Lucknow,2026-07-19,0
2026-09,0,2f7caef8c8de943d98fd,Nagpur,2026-08-01,1
2026-09,0,3bec596df62d547fefc3,Indore,2024-10-23,0
2026-09,0,62a1f8590f5ab40df1b9,Jaipur,2026-08-01,0
2026-09,0,adf24fe96ead092bccba,Lucknow,2026-08-01,0
2026-09,0,5b952fc45bab4c36dabf,Varanasi,2026-08-01,0
2026-09,0,8ca8796711b1b9356d3a,Nagpur,2026-08-01,1
2026-09,0,237fad119f3698d5aee1,Pune,2026-08-01,0
2026-09,0,4033faf7f8ad1ced32d6,Nashik,2026-08-17,0
2026-09,0,1dc97f7ca4c986daa5db,Pune,2026-08-17,0
2026-09,0,bc3d12a0cb8bd403ddd2,Lucknow,2026-08-19,1
2026-09,0,63d6270ef432948b1f9f,Delhi NCR,2026-08-11,0
2026-09,0,31edd97b247e78dbf034,Delhi NCR,2026-08-19,0
2026-09,0,7a3b3940bc762c2f1669,Delhi NCR,2026-08-13,0
2026-09,0,57bf9c3840cfb212ed3a,Delhi NCR,2026-08-24,0
2026-09,0,079498ecd24d0c6720ec,Delhi NCR,2026-08-24,0
2026-09,0,101376a873ba7e2f3b92,Nagpur,2026-08-20,0
2026-09,0,627c2761bcf91499653e,Pune,2026-08-19,0
2026-09,0,9e29cc5cdda8cb1bc6e8,Nagpur,2026-08-26,0
2026-09,0,f9efbe2e01efc244481f,Delhi NCR,2026-07-04,0
2026-09,0,6472527c808fbcc07bf9,Delhi NCR,2026-08-04,0
2026-09,1,c43d6806407743b26c43,Pune,2026-08-23,0
2026-09,1,5c00f6357bb7f780f148,Pune,2026-08-24,0
2026-09,1,95899cf8d28f0b7f993b,Pune,2026-08-23,0
2026-09,1,0997bb46433e7ab825c9,Pune,2026-09-01,0
2026-09,1,50821192cdd37313932e,Pune,2026-09-01,0
2026-09,1,a89c7719a4aa218a6237,Pune,2026-09-01,0
2026-09,1,849ce8ba38c6528387e4,Pune,2026-09-01,0
2026-09,1,20902b9b5bf59066f263,Pune,2026-09-01,0
2026-09,1,58be5ca1ad60f097dbef,Pune,2026-09-01,0
2026-09,1,f9f3ecd031ea18b80f4d,Pune,2026-09-01,0
2026-09,1,832bf533a80edad93677,Pune,2026-09-15,0
2026-09,1,de15dda931e4b241cafc,Pune,2026-09-15,0
2026-09,0,6413d3b90e41babcd1e3,Pune,2026-09-01,0
2026-09,0,340fe6f433dd548491e5,Nashik,2026-09-01,0
2026-09,0,9e3b838ec35900249b22,Nagpur,2026-09-10,0
2026-09,0,b7dc162d1ff9f1c8040a,Nashik,2026-09-01,0
2026-09,0,6df7be8f78ed2499e489,Nagpur,2026-09-10,0
2026-09,0,9dd685c6c27188f860b0,Nagpur,2026-09-01,0
2026-09,0,aafd17ccdaee2668a792,Pune,2026-09-08,0
2026-09,0,86baa079f87f3d2e2de3,Aurangabad,2026-09-01,0
2026-09,0,e58e07964e382a78c09c,Nashik,2026-09-01,0
2026-09,0,1149a7bfe23bd6e3dda8,Aurangabad,2026-09-11,0
2026-09,0,a047999a2c86f41c917a,Amravati,2026-09-11,0
2026-09,0,524a4f4ca9489fc61e7e,Jaipur,2026-08-29,0
2026-09,0,4acb45bfe8938e8df8b8,Delhi NCR,2026-09-01,0
2026-09,0,bc5f020e42d901341b32,Jaipur,2026-08-30,0
2026-09,0,a9e3c291bd78b545dc7f,Lucknow,2026-09-01,0
2026-09,0,9f7af4d2aef6e26b536e,Agra,2026-09-08,0
2026-09,0,8613b27ea6a49a900dd9,Jaipur,2026-09-10,0
2026-09,0,44a7c52c649f77bb5a6a,Lucknow,2026-09-01,0
2026-09,0,b421e68b51419d7ea760,Lucknow,2026-09-01,0
2026-09,0,09721288d24c4bc582c3,Lucknow,2026-09-01,0
2026-09,0,da26573258fe76081868,Lucknow,2026-09-01,0
2026-09,0,3143ae8857823cbe149e,Lucknow,2026-09-01,0
2026-09,0,703b32deb5ec371ce3d4,Lucknow,2026-09-01,0
2026-09,0,77cef8b4d3783f7b9e5a,Lucknow,2026-09-01,0
2026-09,0,b8df85fd12f0470f9d0c,Lucknow,2026-09-01,0
2026-09,0,b33dc627fb85b6d4a59a,Kanpur,2026-09-01,0
2026-09,0,e1f1731c4cc7c5e4e6b6,Kanpur,2026-09-01,0
2026-09,0,4c8c39f8acac54a03a2c,Kanpur,2026-09-01,0
2026-09,0,1af1b9acb9b9075d640e,Kanpur,2026-09-01,0
2026-09,0,e5088c6a236562d5aa88,Lucknow,2026-09-01,0
2026-09,0,acdd718d1c68ea696f2b,Delhi NCR,2026-09-05,0
2026-09,0,c5f2ff81a5dedc551884,Jaipur,2026-09-05,0
2026-09,0,48e1f4d5cb09bc8f5d68,Jaipur,2026-09-05,0
2026-09,0,6990916f6b7ab372473d,Kanpur,2026-09-01,0
2026-09,0,0e9321205c7607242bae,Jaipur,2026-09-01,0
2026-09,0,c1e552a92ea5d6c62f4f,Delhi NCR,2026-09-17,0
2026-09,0,b4602dcd1a865dbc270e,Hyderabad,2026-09-01,0
2026-09,0,6393fd6f0626fa91f679,Chennai,2026-09-15,0
2026-09,0,c2e49ac13eb8340bc200,Hyderabad,2026-09-01,0
2026-09,0,cf04be28b894b6813501,Chennai,2026-09-02,0
2026-09,0,55afb4b842036050cde9,Bangalore,2026-09-08,0
2026-09,0,adec5c5dcacd0870480c,Hyderabad,2026-09-05,0
2026-09,0,99a8d38ed508eeaae984,Bangalore,2026-09-12,0
2026-09,0,0e2237416ea6457b0533,Hyderabad,2026-09-15,0
2026-09,0,3a184e3a4b46172a2e0b,Chennai,2026-09-15,0
2026-09,0,026195af1fd6c8e4bd0a,Hyderabad,2026-09-15,0
2026-09,0,209084ebeb91695dadd5,Gwalior,2026-09-01,0
2026-09,0,0d7d8fd13e7f82812c29,Indore,2026-09-04,0
2026-09,0,e17631b2d7b0a641b458,Bhopal,2026-09-05,0
2026-09,0,59653fcddb51f47ae74a,Indore,2026-09-01,0
2026-09,0,fec5578f2ad984a2836b,Gwalior,2026-09-08,0
2026-09,0,ec249e96c788b13130a3,Indore,2026-09-05,0
2026-09,0,4174bac63d191e0235d6,Gwalior,2026-09-09,0
2026-09,0,620970896c7af74b3338,Bhopal,2026-09-18,0
2026-09,0,8663180ed3ad965d4534,Gwalior,2026-09-15,0
2026-09,0,c2819fc6ba053194e61a,Nagpur,2026-09-18,0
2026-09,0,d63be21a7127519c6294,Jalgaon,2026-09-03,0
2026-09,0,902880e093a1e22967cb,Solapur,2026-09-15,0
2026-09,0,0308bba167f614db0ea8,Solapur,2026-09-15,0
2026-09,0,462c5c840f3ee8869d2b,Solapur,2026-09-15,0
2026-09,0,8eb23a32f5d2be93c15a,Indore,2026-09-22,0
2026-09,0,e4a1e9760e33a5a7a417,Pune,2026-09-22,0
2026-09,0,d850d29e5eec53f1e352,Aurangabad,2026-09-20,0
2026-09,0,b65fddf3e79cdf28b4f1,Nagpur,2026-09-19,0
2026-09,0,9d1c0d9da9fd524f5d81,Nagpur,2026-09-22,0
2026-09,0,989441c2c05818a7eaf1,Nagpur,2026-09-22,0
2026-09,0,ebefb8a694edaa586243,Nagpur,2026-09-22,0
2026-09,0,38de3805ef35cfeeab17,Jaipur,2026-09-22,0
2026-09,0,7df441280d9e2a6dde1d,Lucknow,2026-09-19,0
2026-10,0,0ca6535ac19193f83202,Delhi NCR,2026-04-15,0
2026-10,0,784a9c749918f4467c95,Delhi NCR,2026-04-01,1
2026-10,0,f32f7e72d859976b9f13,Delhi NCR,2026-02-13,0
2026-10,0,7be5326d7e1a835dd818,Delhi NCR,2026-08-14,0
2026-10,0,044e5f4207ae22386169,Delhi NCR,2026-07-17,0
2026-10,0,4be543adbd6c689a8af7,Ahmedabad,2025-10-28,0
2026-10,0,793cb4f04274f5abefb2,Agra,2026-06-20,0
2026-10,1,a8344eb87fd280b2dc45,Pune,2026-06-06,0
2026-10,1,7d82fe7f2304f50c55b1,Pune,2025-11-11,0
2026-10,0,5b39db22205b299ee457,Meerut,2026-08-01,0
2026-10,0,4dbba9eecc50109c99a6,Pune,2026-08-01,0
2026-10,0,e62652590896d5b6fd90,Solapur,2026-02-15,0
2026-10,0,af463f113f37e55a7ae0,Lucknow,2026-05-19,0
2026-10,0,f160194567d1728b2456,Hyderabad,2026-05-19,0
2026-10,0,5fa65edb08e0cdac2832,Jaipur,2026-07-07,0
2026-10,0,77dece76e3153748c70c,Lucknow,2026-07-03,0
2026-10,1,c99ea3b866b00d7f0987,Pune,2026-02-03,0
2026-10,1,f7858a8f5ee06e142859,Pune,2026-02-03,0
2026-10,0,9b0fa0548b2f8e07407a,Lucknow,2026-07-07,0
2026-10,0,49ab6ec5c971aeb6ab8c,Lucknow,2025-12-23,0
2026-10,0,e9135152ddac4ea7aa6c,Coimbatore,2026-08-05,0
2026-10,0,b395a085ec6d5efcf8a8,Bangalore,2026-08-06,1
2026-10,0,edeb519e7e22cb8724e1,Lucknow,2026-01-22,0
2026-10,0,aa9b560ab9feef4ccb80,Chennai,2026-08-12,0
2026-10,0,74c3b72d5455fe069b19,Lucknow,2026-07-14,0
2026-10,0,10f796c4ff08d6111b94,Lucknow,2025-06-17,0
2026-10,0,670bfa2c39f049708ecc,Kota,2026-08-05,0
2026-10,0,a6b2c11f58860b8664b9,Chennai,2026-08-01,0
2026-10,0,fe13f5570db5378dab3f,Jabalpur,2026-08-02,0
2026-10,0,4c8c39f8acac54a03a2c,Kanpur,2026-09-01,0
2026-10,0,9610b60a4286b0ce37b3,Bangalore,2026-08-23,0
2026-10,0,17e60b3f744007042d2c,Jabalpur,2026-02-24,0
2026-10,1,f399610ad5653faf9e5d,Pune,2026-07-15,0
2026-10,1,cf086cc5e7a705c795b1,Pune,2026-07-15,0
2026-10,0,468d0548e40c0cfd1e35,Nagpur,2026-07-14,0
2026-10,1,7938934a3e45903d7ef8,Pune,2026-07-14,0
2026-10,0,7dcbc2f39a842000cb16,Nashik,2026-07-14,0
2026-10,0,cbe62ed98da981478505,Nagpur,2026-07-12,0
2026-10,0,cc31a39c10a90c8bf4ad,Nashik,2026-07-10,0
2026-10,0,bc0b4d6ea8b57d2502da,Nagpur,2026-07-10,0
2026-10,0,8fbfdfa8fc5023d4a7c1,Hyderabad,2026-07-10,0
2026-10,0,47f17a8ac0107c58ac1b,Trichy,2026-07-09,0
2026-10,0,75077c063bfa7ae37c5f,Amravati,2026-07-07,1
2026-10,0,73228a6de33ad9d3aed0,Nagpur,2026-07-07,0
2026-10,1,562a2eeb3fb234bce1bb,Pune,2026-07-05,0
2026-10,0,59d2acfb51035c73604e,Bangalore,2026-05-19,0
2026-10,0,07b0f32ee5f3a46f277c,Coimbatore,2026-07-04,0
2026-10,0,2a426b669c886d6f0237,Salem,2026-07-01,0
2026-10,1,3656389c1c17cb05a7f2,Pune,2026-07-01,0
2026-10,0,42c393050bc5916d73f2,Pune,2026-07-01,1
2026-10,0,41ad2f744d539d8e4b5c,Pune,2026-07-01,0
2026-10,0,120ac74e1c08ced135ee,Pune,2026-07-15,0
2026-10,0,8af9215ac82fc88b62fb,Pune,2026-07-01,1
2026-10,0,9424f3a75de7c2df1170,Bangalore,2026-07-01,0
2026-10,0,dc6964c06f8f2e342cd7,Amravati,2026-07-01,0
2026-10,0,1a8a45d52cebba72f84a,Nagpur,2026-07-01,0
2026-10,1,ec3d2325dbb9669cc70a,Pune,2026-06-30,0
2026-10,1,29a746a4a9d9ed9a0570,Pune,2026-06-30,1
2026-10,1,ff8052502fb2e510b6fa,Pune,2026-06-30,0
2026-10,1,9374ee1532faecc57c62,Pune,2026-06-30,0
2026-10,0,cc4deb21a60e4d109194,Nagpur,2026-06-27,1
2026-10,0,2112c9a97bf21510e522,Nashik,2026-06-27,0
2026-10,0,63be47052f30923693c3,Nagpur,2026-06-25,0
2026-10,0,70b62e2eac1de6fa1db0,Varanasi,2026-06-24,0
2026-10,0,b041db7d8bb9bd679dab,Bhopal,2026-06-24,0
2026-10,0,bf0e8f83be429d24f152,Agra,2026-07-04,1
2026-10,0,1b443ab2614c7d76a2f9,Agra,2026-07-04,0
2026-10,0,6d36e96730d17b3b85ec,Agra,2026-07-01,0
2026-10,0,fad24e9e7e4847bc63b9,Gwalior,2026-06-23,0
2026-10,0,e8d7246d4f6dfba25313,Pune,2026-06-20,0
2026-10,0,c82dd434503e863c803f,Pune,2026-06-19,0
2026-10,0,f32e1c4b4cf8799a43a4,Nagpur,2026-06-18,0
2026-10,0,bbca5912b5b520a0e36f,Gwalior,2026-06-17,0
2026-10,0,9385f4fbdd61c91a19ab,Pune,2026-06-16,0
2026-10,0,ab28ccccf49642ca5071,Ahmedabad,2026-06-16,0
2026-10,0,60506572d72d49b52e50,Nagpur,2026-06-16,0
2026-10,0,ae75c44aef71994b0942,Hyderabad,2026-06-16,0
2026-10,0,0171b422d9927199ae51,Indore,2026-06-16,0
2026-10,0,b5a1eba9b955f21d330c,Gwalior,2026-06-16,1
2026-10,0,f158227f8a3341a24a33,Vijayawada,2026-06-16,0
2026-10,0,581c5a289ac67f8798a2,Bhopal,2026-06-16,0
2026-10,0,3c5491a635de9f7fc1b2,Pune,2026-06-15,0
2026-10,0,d8c53d4f1b9db4f949fd,Pune,2026-06-15,0
2026-10,0,f73e44b5efcdd7564f29,Coimbatore,2026-06-15,0
2026-10,0,16c3b5286fa6cd64a932,Salem,2026-06-15,0
2026-10,0,a78732efd8c2a4d82208,Nagpur,2026-06-13,0
2026-10,0,e4f2f377140a6663356e,Jabalpur,2026-06-13,0
2026-10,1,f98837ec0e90ec89339b,Pune,2026-06-12,0
2026-10,0,6d8176dd08b1d44db24d,Jabalpur,2026-06-12,0
2026-10,0,d10095dac44e1fd6a273,Hyderabad,2026-06-11,0
2026-10,0,08246be376617dad9751,Delhi NCR,2026-06-11,0
2026-10,0,094412b0ad8035f528a5,Bhopal,2026-06-11,0
2026-10,0,2734fa9b4fa93468202b,Kota,2026-06-11,0
2026-10,0,88833d00d1b71203fcb0,Meerut,2026-06-10,0
2026-10,0,e9147f6abf6c98fb67a6,Pune,2026-06-10,0
2026-10,0,3e3e954b6889cc2dc5a5,Nagpur,2026-06-10,0
2026-10,0,3ab2543e8db8d56d662b,Nagpur,2026-06-10,0
2026-10,0,52562d2216e631164355,Hyderabad,2026-06-10,1
2026-10,0,48a0e1735810a02bc2b4,Pune,2026-06-09,0
2026-10,0,aec663c58054c702b7e0,Indore,2026-06-09,0
2026-10,0,139dd3fb7187bd8e7213,Pune,2026-06-09,0
2026-10,0,3f01712ce4f5630baa1e,Nagpur,2026-06-07,0
2026-10,0,84475b1253fa732690ef,Lucknow,2026-06-07,0
2026-10,0,806b13b5e6b58a5b3e9a,Nagpur,2026-06-06,0
2026-10,0,3458e54029b75519b1ad,Lucknow,2026-06-05,0
2026-10,0,f41383823d0f8e55e812,Delhi NCR,2026-06-04,0
2026-10,0,b80dbc93cacbba576b67,Pune,2026-06-03,0
2026-10,0,0d7bdbd909e2510d0daf,Gwalior,2026-06-03,0
2026-10,0,acb490c5ffa5273c032c,Indore,2026-06-03,0
2026-10,1,209852223f2e4355a8f2,Pune,2026-06-02,0
2026-10,0,b4de337cfdabbcdcd570,Nagpur,2026-06-02,0
2026-10,0,9c40544cb9c4c53e9f71,Hyderabad,2026-06-02,0
2026-10,0,74a30c807bfa75d80d4b,Chennai,2026-06-02,0
2026-10,0,37dea5086499d32bec15,Hyderabad,2026-06-02,0
2026-10,0,8d4ed24ba8a3f6a13f4e,Chennai,2026-06-02,0
2026-10,0,43e44c4959506a383c93,Hyderabad,2026-06-02,0
2026-10,0,79f362a83d520c20608f,Chennai,2026-06-02,0
2026-10,0,26d197cae080e6654c54,Hyderabad,2026-06-02,0
2026-10,0,e1a7ca8161f7ca748a80,Lucknow,2026-06-02,0
2026-10,0,320e9a68e7cf20dc5078,Lucknow,2026-06-02,0
2026-10,0,e3a0ab08c82e0b1219bd,Ahmedabad,2026-06-01,0
2026-10,0,029afa8bbc5afbc57a32,Vijayawada,2026-06-01,0
2026-10,0,2872b060b5622557ef73,Nashik,2026-05-27,0
2026-10,0,e2b11f2dbaa4b79b7e1a,Delhi NCR,2026-05-25,0
2026-10,0,6d991ad063282ab9a626,Nashik,2026-05-24,0
2026-10,0,455a3b93a1956dfeb6e1,Gwalior,2026-05-23,0
2026-10,0,47efead48bba1a5c8a63,Amravati,2026-05-21,1
2026-10,0,0da19a615c910f791b1f,Bhopal,2026-05-20,0
2026-10,0,e96f614b5d2acbff8bcc,Kota,2026-05-19,0
2026-10,0,147bbc0476461326de10,Kota,2026-07-04,0
2026-10,1,b67691783dcd56da43ae,Pune,2026-05-15,0
2026-10,0,93405add4accc56e6e17,Gwalior,2026-05-15,0
2026-10,0,32975232006177729256,Nagpur,2026-05-15,0
2026-10,0,50972244868cadf189a9,Nagpur,2026-05-15,0
2026-10,0,c4321aad11f40182fef1,Delhi NCR,2026-05-15,0
2026-10,1,a3f368246839803328d8,Pune,2026-05-14,0
2026-10,1,62e9f09695504c98a6f0,Gwalior,2026-03-09,1
2026-10,0,6eeb9d1fd2f88410ef9a,Bangalore,2026-05-12,0
2026-10,0,3c34437f227637551574,Bhopal,2026-05-12,0
2026-10,0,39d44718fbc2eeb6c3e7,Kanpur,2026-01-13,0
2026-10,0,453022a82ebae24146fc,Bangalore,2026-05-07,0
2026-10,0,343364f5093d4c18cac9,Jaipur,2026-05-07,0
2026-10,0,c92aebcb17b9028b7ac9,Indore,2024-12-02,0
2026-10,1,f9cd3331598735587cdd,Pune,2026-05-05,0
2026-10,0,c586b11d8454ab689d09,Hyderabad,2026-05-05,1
2026-10,0,465d33bb3ef1c960f159,Varanasi,2026-05-05,0
2026-10,1,2bcf26899fb7a8d11299,Pune,2026-05-02,0
2026-10,0,193239ca65a787cdd124,Aurangabad,2026-05-02,1
2026-10,0,0980dd9ea60d385fb646,Jaipur,2026-05-02,0
2026-10,0,f131d47aee6de88f4ca9,Jaipur,2026-05-02,0
2026-10,0,8db36feee7936efe775e,Varanasi,2026-05-02,0
2026-10,0,b5577960bf244f7f7ad8,Kanpur,2026-05-23,0
2026-10,0,2ef8f467477399eeec52,Kanpur,2026-05-17,0
2026-10,0,6a536a7f9901fe77eef1,Nashik,2026-05-02,0
2026-10,0,940c6556184c36c3e317,Kanpur,2026-05-08,0
2026-10,0,3ff3760a585b719b4aed,Bhopal,2026-04-24,0
2026-10,0,e9cc169a8496be543216,Chennai,2026-04-24,0
2026-10,1,76c8921e572acb62ca3e,Pune,2026-04-21,0
2026-10,0,63b7cadbe62e2c427906,Lucknow,2026-04-18,0
2026-10,0,020bfd6a8aa8a47e3289,Lucknow,2026-04-17,1
2026-10,0,dd57972cac2e7155f775,Kanpur,2026-05-02,0
2026-10,0,ea3dc11650a07c9aa681,Jaipur,2026-04-16,0
2026-10,0,5712293289d733200acc,Kanpur,2026-05-02,0
2026-10,0,4c643a191a5a01092a57,Indore,2026-04-14,0
2026-10,0,1128068edf28f33dae74,Jaipur,2026-04-14,0
2026-10,0,59788dd8af7052be2582,Kanpur,2026-04-14,0
2026-10,0,e53202efe338dd516e4b,Lucknow,2026-04-14,0
2026-10,1,a01df254e4e3d12b3ed3,Pune,2026-04-11,0
2026-10,0,8c1b042ff5d29c93072b,Kanpur,2026-04-10,0
2026-10,0,28ecd424bafdc122e7ef,Lucknow,2026-04-10,1
2026-10,0,92c640557cf691553fff,Jabalpur,2026-04-10,0
2026-10,0,ddae0a3702c7fd506ffb,Lucknow,2026-04-07,0
2026-10,0,ebf5c3be813da95a7b6c,Chennai,2026-04-04,0
2026-10,0,89f6269bdf9eab54f6f5,Meerut,2026-04-04,1
2026-10,0,19e6ca2b93948db30a00,Solapur,2026-04-04,0
2026-10,0,183580685ab6fff8d555,Amravati,2026-04-03,0
2026-10,0,9e51a10e2a65f7ae40b2,Chennai,2026-04-02,1
2026-10,0,191ca1244023984ceba9,Chennai,2026-04-02,0
2026-10,0,57607d7f0222577e9993,Kanpur,2026-04-02,0
2026-10,0,97d2a75d53d9714a12b1,Kanpur,2026-02-04,0
2026-10,0,ebd3cbe4ea5fdb539da4,Agra,2026-04-01,1
2026-10,0,c512d17fdcb72621f59e,Chennai,2026-03-24,0
2026-10,0,d3e4a57dbd0515f5a8ea,Kanpur,2026-02-03,0
2026-10,0,fb39ab164668e44b5fcc,Varanasi,2026-03-18,0
2026-10,1,73225ba136bd13f6e1c6,Pune,2026-03-17,0
2026-10,0,4a25a3411ced8ca358b6,Delhi NCR,2026-03-17,0
2026-10,0,065c78e8d4f0e1fb3c54,Nashik,2026-03-17,0
2026-10,1,585231c621bbd3994034,Pune,2026-03-17,0
2026-10,0,dd06b597cc7fc96f7f2e,Amravati,2026-03-10,1
2026-10,1,2d7b45536aed9680b17b,Pune,2026-03-10,0
2026-10,1,eb41bebebfb394d36aac,Pune,2026-03-10,0
2026-10,0,ce2ae45d0154e875ad1a,Bareilly,2026-03-09,1
2026-10,0,070d3ba8bfa5002c1097,Nagpur,2026-03-09,0
2026-10,0,751fd8ff8a6a08a7d0b3,Nashik,2026-03-09,0
2026-10,0,7a713af83e4e2f98d471,Bareilly,2026-03-09,0
2026-10,0,20c5f38e6a9d26c00953,Nagpur,2026-03-09,0
2026-10,0,524a1aacaaa46a62920e,Agra,2026-03-05,1
2026-10,0,7e935d513895423a530b,Aurangabad,2026-03-05,0
2026-10,0,9ee7ef1eac3cd9573a95,Bangalore,2026-03-05,0
2026-10,0,fe9af3875a8d9563287f,Bangalore,2026-03-05,0
2026-10,0,9d511af3abd4ba9bd9fb,Kolhapur,2026-03-05,0
2026-10,0,a07b6c2c74bab71b2cc0,Nagpur,2026-03-05,0
2026-10,0,26f7521695ac86b7249d,Lucknow,2026-03-01,0
2026-10,0,69967c7fdb56bb0b4d52,Kanpur,2026-02-01,1
2026-10,0,835f97a0e6f46db2a96a,Hyderabad,2026-02-24,0
2026-10,0,860c16ccc1ce02820a66,Jaipur,2026-02-24,0
2026-10,0,50e64c7f989d64ffc476,Jalgaon,2026-02-24,1
2026-10,0,9fdcf67fd018b1280a1c,Pune,2026-02-24,1
2026-10,0,6d6fe0e6852d58d29a16,Surat,2025-08-28,0
2026-10,0,8316f5be220c3efdc9ad,Kanpur,2026-01-13,0
2026-10,0,f27a5c1c7bd3848c0b60,Pune,2026-02-20,1
2026-10,0,d43e30476fea854621b1,Amravati,2026-02-17,1
2026-10,1,54861470a6d8062048b8,Pune,2026-02-15,0
2026-10,1,1fc445a58b5cf6cf3ab1,Pune,2026-02-15,0
2026-10,1,7be0af05d6d353716db7,Pune,2026-02-15,0
2026-10,0,893b7ca2d8d78c467ee5,Jaipur,2026-02-12,0
2026-10,0,dd1366c2f2306e7d0468,Jaipur,2026-02-10,0
2026-10,0,c3f3420e5fc5c0ebb3b0,Coimbatore,2026-02-08,0
2026-10,0,3ab19331265f580d57c3,Kanpur,2026-01-13,0
2026-10,0,e72225936adc4b4a16c8,Chennai,2026-02-03,0
2026-10,0,40722cef356d0518fd9f,Hyderabad,2026-02-03,0
2026-10,0,af0f3cde01461af62a91,Kanpur,2026-01-04,1
2026-10,0,f92072dd91cde870f6d6,Kanpur,2025-12-16,0
2026-10,0,ba3b25c59c12fbc352ca,Nagpur,2026-02-03,0
2026-10,1,7d209d1df9b467d7bc0c,Pune,2026-02-03,0
2026-10,1,f4739d0d7caac470fe29,Pune,2026-02-03,0
2026-10,1,3119767867449b2737c3,Pune,2026-02-03,0
2026-10,1,ff529f739d825b695186,Pune,2026-02-03,0
2026-10,1,acffc27ab59cb7b8f8df,Pune,2026-02-03,0
2026-10,0,e81aa1e9fdbc46d6eb29,Bareilly,2026-02-02,0
2026-10,0,56ff03a4b52a6a061d76,Chennai,2026-02-01,0
2026-10,0,c2857d1afdbfe35bd886,Kanpur,2025-12-09,0
2026-10,1,fd9f1e1c57d7512ef096,Pune,2026-02-01,0
2026-10,0,c5b28a6a0d3c726f2f75,Prayagraj,2026-01-24,0
2026-10,0,6173f2b358a1420f0b6f,Lucknow,2026-01-24,0
2026-10,0,41a4b10534b99cc8d805,Bareilly,2026-01-20,0
2026-10,0,33d869136297cbd760e8,Delhi NCR,2026-01-20,0
2026-10,0,c7d972da80d3a906665b,Delhi NCR,2026-01-20,1
2026-10,0,b4a6adc3130c35e740da,Jalgaon,2026-01-20,0
2026-10,0,1e046bc454094e10b439,Kolhapur,2026-01-20,0
2026-10,0,7c82f02075b3136531e9,Nagpur,2026-01-20,0
2026-10,1,c5331285773e53122bbe,Pune,2026-01-20,0
2026-10,0,bc2aadccb249c48b8cf7,Varanasi,2026-01-20,0
2026-10,1,a3cef5df89ca1463953e,Pune,2026-01-19,0
2026-10,0,5ddd7feb99ea384fa19e,Agra,2026-01-18,0
2026-10,0,4c18cc5f09ae92174667,Kanpur,2025-09-23,0
2026-10,1,5d72ce6c1f6e3284a8bc,Pune,2026-01-13,1
2026-10,1,baefdf485cd92e58958f,Pune,2026-01-09,0
2026-10,1,8d6cb96a6fce78056e96,Pune,2026-01-09,0
2026-10,0,0bc6422f05b90982d2e3,Coimbatore,2026-01-08,0
2026-10,0,57d9656e6eb7dcb81f60,Bhopal,2026-01-06,0
2026-10,0,5a60bdfd79f6d281f304,Bhopal,2026-01-06,1
2026-10,0,06abbc2c60167e253147,Delhi NCR,2026-01-06,0
2026-10,0,be9d618d04ca88eaa98c,Indore,2026-01-06,0
2026-10,0,ef995bbf789dbcd5c613,Lucknow,2026-01-06,1
2026-10,1,ab55d3c7016ee98f0c44,Pune,2026-01-03,0
2026-10,0,88fbdfdd839cb29555f2,Hyderabad,2026-01-02,0
2026-10,0,23570a986ced0e323687,Jaipur,2026-01-02,0
2026-10,0,66ae5dd8e3ddce830146,Ahmedabad,2025-12-23,0
2026-10,0,4cf36994dff07d681744,Bhopal,2025-12-23,1
2026-10,0,961b65e2d2d9fc5d528a,Indore,2025-12-23,0
2026-10,0,f2ff8bcc381dacf7870d,Jabalpur,2025-12-23,0
2026-10,0,cca0227990e808ea72be,Lucknow,2025-12-23,1
2026-10,0,9dd3b162c38761f7ef92,Indore,2025-12-23,0
2026-10,0,ecd2c4195726f230121b,Aurangabad,2025-12-20,0
2026-10,0,29e73c74f8ca9cd47526,Pune,2025-12-17,0
2026-10,1,af04f52d0220d30251a1,Pune,2025-12-16,0
2026-10,0,333d9f65775b470a0818,Kanpur,2025-09-02,0
2026-10,0,ec1d0b85ea9ef6ba956d,Kanpur,2026-01-13,1
2026-10,0,888b21941fc47b2aea96,Kanpur,2026-07-02,0
2026-10,0,db637ec35972960c5328,Lucknow,2025-12-06,1
2026-10,0,7402fe09da57d88244e1,Delhi NCR,2025-12-02,0
2026-10,0,8a647173d58cd451f9c7,Gwalior,2025-12-02,0
2026-10,0,4dff04c44315c1df6217,Jaipur,2025-12-02,0
2026-10,0,a2f5ad8382f9ec96eaf6,Nashik,2025-12-02,0
2026-10,0,666ca1396bb995fec84c,Varanasi,2025-12-02,0
2026-10,0,f5145917c23313ce52af,Kanpur,2026-07-15,0
2026-10,0,6d15b930850138ee419a,Nagpur,2025-11-20,0
2026-10,0,c29a3c9af770fc326133,Pune,2025-11-20,0
2026-10,1,4ebb3dafd4c4e84c534a,Pune,2025-11-18,0
2026-10,0,70e9abfecb4e2b0efc3c,Indore,2025-11-16,1
2026-10,1,e4ede5b59d43b77035ec,Pune,2025-11-07,0
2026-10,1,2554c3a46043d5010a00,Pune,2025-10-28,0
2026-10,0,2eadb69f488ec06ff256,Pune,2025-10-28,0
2026-10,0,d9a126dce6eaf4175b53,Hyderabad,2026-08-04,0
2026-10,0,119c49df4b2574d7846b,Hyderabad,2026-08-16,0
2026-10,1,d036d10eaf710ac5c301,Pune,2025-10-27,0
2026-10,0,edafdcb719b8a495dece,Bangalore,2025-10-17,0
2026-10,0,485f050a04eff8b38cca,Gwalior,2025-10-11,0
2026-10,0,13bdc97321cf6e8b1320,Bhopal,2025-10-10,0
2026-10,0,22b72bc892eb8ee93374,Indore,2025-10-10,0
2026-10,1,a0278fcf47bf91133b1f,Pune,2025-10-08,0
2026-10,1,7530242af358eb24386c,Pune,2025-10-07,0
2026-10,0,46c7eb2d4dd5612478cd,Jabalpur,2026-08-01,0
2026-10,0,72205173ba9e108ae2bd,Jabalpur,2026-03-09,0
2026-10,0,314527010807bd48d965,Pune,2025-10-07,0
2026-10,0,2d6d05ea17017c92abd8,Pune,2025-10-07,0
2026-10,0,5de8cef14ba216856e46,Indore,2026-08-01,0
2026-10,0,d3a07d6ce3adb8f053e5,Kanpur,2026-08-08,0
2026-10,0,b1734db2e1208b4f5b5f,Indore,2025-10-03,0
2026-10,0,8f3cc9244a681a0060c2,Indore,2025-10-02,0
2026-10,1,bab5cfc5a6ef5acdb835,Pune,2025-09-30,0
2026-10,0,970281389897ff293cec,Jabalpur,2025-09-23,0
2026-10,0,182e6dd3c5a2ae13e957,Lucknow,2025-09-23,0
2026-10,0,2e31740eb41662961cbc,Lucknow,2025-09-23,0
2026-10,0,d47085d3a2ea36449f1c,Gwalior,2025-09-20,0
2026-10,0,00cc35600d4d162f502c,Nagpur,2025-09-11,0
2026-10,0,2ef2b547dfe20f0c2d01,Lucknow,2025-09-09,0
2026-10,0,7cf65a70cd64a7193098,Pune,2025-09-09,0
2026-10,0,6fcddd3d33f9a509a416,Amravati,2025-09-06,0
2026-10,0,5395625df9f1457833ea,Nagpur,2025-09-02,0
2026-10,1,5e9e48b02b7a510a0938,Pune,2025-09-02,0
2026-10,1,b06a1564fcb27bf948cc,Pune,2025-09-02,0
2026-10,0,1afb80a01884aeea27c6,Lucknow,2025-09-01,0
2026-10,0,a085e57bb617166254fe,Pune,2025-08-19,0
2026-10,1,311ba45d1a976c1d243d,Delhi NCR,2025-08-10,0
2026-10,1,38aec3fcce592a422e2e,Pune,2025-08-05,0
2026-10,1,edb00ffe35fbe7a6a6b0,Pune,2025-08-05,0
2026-10,0,8d592afe72db3c90d2e4,Coimbatore,2025-08-01,0
2026-10,0,c8e579465716fb36108f,Chennai,2025-07-28,0
2026-10,1,550e80c2ab7bbc0cbe16,Delhi NCR,2025-07-22,0
2026-10,0,93732964a1940682a22c,Pune,2025-07-22,0
2026-10,0,b58b4deeec54b4b5be7b,Delhi NCR,2025-07-10,0
2026-10,0,d4e8cc337793beb7a02f,Jaipur,2025-07-05,0
2026-10,0,fcef14f5b3bb8e542676,Pune,2025-07-01,0
2026-10,1,673cb26e4c126b3b571a,Pune,2025-06-18,0
2026-10,0,47be362207192bde00b5,Pune,2025-06-18,0
2026-10,0,e822b86662078caa8787,Jabalpur,2025-06-05,0
2026-10,0,6dfd7a56254e5794028a,Nashik,2025-05-27,0
2026-10,0,32e30a573d8aa94a4d65,Nashik,2025-05-27,0
2026-10,0,442072498ae4fa9aa881,Hyderabad,2025-05-20,0
2026-10,0,2b5d42b2e221cb24daef,Nashik,2025-05-20,0
2026-10,0,8206d855fbca677d850e,Hyderabad,2025-05-17,0
2026-10,1,64eb80c3dcbad72eedfe,Delhi NCR,2025-05-15,0
2026-10,0,bd5605f288ca9310f63b,Bhopal,2025-05-13,0
2026-10,0,c915ae6ec1097159ed60,Nagpur,2025-04-07,0
2026-10,0,4bc4dd44ff4331505820,Pune,2025-04-05,1
2026-10,0,2ab12b18cf0f69ce1071,Nagpur,2025-04-01,0
2026-10,0,4f01db4d78fd7d6586fd,Pune,2025-04-01,0
2026-10,0,a1ead102df406032fb10,Lucknow,2025-03-28,0
2026-10,1,8fd309d0d31590950f0f,Pune,2025-03-24,0
2026-10,0,af9f80d963f85ea1c2e9,Delhi NCR,2025-03-18,0
2026-10,0,f0a533df56f48eb1f1e1,Pune,2025-03-18,0
2026-10,0,f62213aeb92cdc8fdceb,Ahmedabad,2025-03-01,0
2026-10,0,ace064cbdeb16c19a28a,Bhopal,2025-02-10,0
2026-10,0,c3bda8d7f37eb807a02c,Amravati,2025-01-27,0
2026-10,1,9cc7a72d28005b231f67,Pune,2025-01-27,0
2026-10,0,7efd839aaaff3ee19c7c,Pune,2025-01-27,0
2026-10,0,b812e008d28a898821a0,Bhopal,2024-12-24,0
2026-10,0,3832c57ab5c08b5955da,Aurangabad,2024-12-20,0
2026-10,0,b078938a3d16e1770a21,Jabalpur,2024-06-03,0
2026-10,0,6185356e6bc140632a72,Indore,2026-06-23,0
2026-10,0,b33b6fdf5bdc03b08c20,Indore,2026-07-03,0
2026-10,0,b6223694bd08a499fb75,Bhopal,2026-07-08,0
2026-10,0,51c7af2dae3adf9c2e41,Jabalpur,2026-07-18,0
2026-10,0,5db27d09fc99588f1c31,Nashik,2026-06-30,0
2026-10,0,f818c74211a7c4546d3c,Jaipur,2026-07-14,0
2026-10,0,86db889e4e30d5dd4ac8,Jaipur,2026-07-11,0
2026-10,0,fd38c9473c54823141a5,Jaipur,2026-07-14,1
2026-10,0,cdaacda0ab0259f20407,Hyderabad,2026-07-15,1
2026-10,1,9a2974dd3d760abd76de,Pune,2026-06-06,0
2026-10,1,ab17ed74e13a33579106,Pune,2026-08-03,0
2026-10,0,152a06eaa9b2c6062500,Raipur,2026-08-01,0
2026-10,0,144298c60fbbd22e12ed,Raipur,2026-08-01,0
2026-10,0,e49958241981d9d44844,Prayagraj,2026-04-02,0
2026-10,1,36d3eb5a6c986af31bac,Pune,2026-07-21,0
2026-10,0,0c28be72e2b4147babb5,Aurangabad,2026-07-15,0
2026-10,0,86c4789fcd27ef33e64e,Ahmedabad,2026-07-18,0
2026-10,0,193ebb5319fd9b94285b,Nagpur,2026-07-21,0
2026-10,0,927c0189419e64e648b1,Amravati,2026-07-21,0
2026-10,0,51aa2ea041346ccea1dc,Nagpur,2026-07-24,0
2026-10,0,f367c6277123a6317650,Nagpur,2026-07-24,0
2026-10,0,39cfb152b73bd97c3455,Aurangabad,2026-07-01,0
2026-10,0,381e49331d349d4f52ab,Varanasi,2026-07-21,0
2026-10,0,aa2842874e97e185a9b2,Varanasi,2026-07-21,0
2026-10,0,20eea0a089653e8e6167,Jodhpur,2026-07-14,0
2026-10,0,2fd9d91a4ca5bfb755f9,Jodhpur,2026-07-14,0
2026-10,0,8482873be425fb2b66ce,Delhi NCR,2026-07-10,0
2026-10,1,7323c8f7c40212203429,Pune,2026-08-17,0
2026-10,0,e2fb209710f77af29eee,Jaipur,2026-07-21,0
2026-10,0,cb31c53fabf4f70a72b4,Jaipur,2026-07-27,0
2026-10,0,f629a924d1d24147fc5a,Chennai,2026-06-24,0
2026-10,0,83987f0750ba6a92b1c2,Aurangabad,2026-03-17,0
2026-10,0,cd7fbe60da53c280ed6d,Meerut,,0
2026-10,0,68e383fccce76c276501,Meerut,,0
2026-10,0,e3fcd68c080249576e58,Nagpur,2026-08-05,0
2026-10,0,ebda9ab6a3c5a478a803,Nagpur,2026-08-17,0
2026-10,0,7e96d05a688829bc85cd,Nagpur,2026-08-06,0
2026-10,0,d9b50fc9025347e3ee0e,Chennai,2026-08-07,0
2026-10,0,26d9fa2904a869f70833,Jaipur,2026-08-08,0
2026-10,0,e6c22c8a00ede7b25796,Bangalore,2026-08-11,1
2026-10,0,d971365066d1f555456d,Bangalore,2026-08-20,0
2026-10,0,be81e9c18fb152c24f09,Bangalore,2026-08-23,0
2026-10,0,e81325ff72067b42d1cc,Amravati,2026-08-08,0
2026-10,0,13edb35a75e38607ad3d,Amravati,2026-08-01,0
2026-10,0,9526def803aa0c088151,Amravati,2026-08-13,0
2026-10,0,50700834cde40947e1d5,Agra,2026-08-01,0
2026-10,0,6bef67d340a1d4137c08,Bareilly,2026-08-03,0
2026-10,0,3c0930bb7e9b25007a23,Bareilly,2026-08-05,0
2026-10,0,d89bccbe5c8745a07eab,Bhopal,2026-07-21,0
2026-10,0,8c92b955a1af49005bd7,Bhopal,2026-08-01,0
2026-10,0,4f3d55891fffebe52d24,Bhopal,2026-08-07,0
2026-10,0,1863cee7203da82e4d24,Bhopal,2026-08-11,0
2026-10,0,4fc4ec9c8d9c3fa0aa5c,Vijayawada,2026-07-01,0
2026-10,0,71cc300c9d1a463a2ad9,Gwalior,2026-08-11,0
2026-10,0,058f3168fbb388d662f6,Jabalpur,2024-11-12,0
2026-10,0,e668ff111ac657e72c9b,Amravati,2026-08-21,0
2026-10,0,550296fbc02da5cac723,Jabalpur,2024-11-12,0
2026-10,0,bce32e8dd11b56c44a65,Jodhpur,2026-07-23,0
2026-10,0,7328bc140604584bddc0,Jodhpur,2026-08-17,0
2026-10,0,b976e8d9f3859bb78f76,Kolhapur,2026-07-24,0
2026-10,0,ce5b4f7bfeaa44495b54,Lucknow,2026-06-23,0
2026-10,0,d1a77aeb5039c21c786b,Nagpur,2026-08-18,0
2026-10,0,45f5bcbf60bbde6930f6,Nashik,2026-08-01,0
2026-10,0,791931d18664ad8e514e,Prayagraj,2026-08-16,0
2026-10,0,a6c2e47694892d2b47b0,Prayagraj,2026-08-13,0
2026-10,0,be280a2916fa0ed7278b,Pune,2026-08-01,0
2026-10,1,60d67fe4f3a65a9b3a5e,Pune,2026-08-01,0
2026-10,1,dd9e516302bc10074ec2,Pune,2026-08-01,0
2026-10,1,7ff7c45e6e8a4c291154,Pune,2026-08-01,1
2026-10,0,cf04be28b894b6813501,Chennai,2026-09-02,0
2026-10,1,20413f31e55ae405e8b8,Pune,2026-08-01,0
2026-10,1,a4d7b844e7d80d4f933a,Pune,2026-08-17,0
2026-10,1,cfbb66c1335bc5600b87,Pune,2026-08-01,0
2026-10,1,3d8aa08af71535d7fce5,Pune,2026-08-01,0
2026-10,0,d86be988a3e87b003342,Pune,2026-08-12,0
2026-10,0,f6b540a8a2dc172acd5d,Madurai,2026-08-01,0
2026-10,0,892339b2a4b9b8ae8c92,Lucknow,2026-08-01,1
2026-10,0,8670bb3ec3c2134e9b1e,Lucknow,2026-08-01,0
2026-10,0,e46038c831641201649f,Varanasi,2026-08-01,0
2026-10,0,7b914cd0595aa91e1b3e,Pune,2026-08-17,0
2026-10,0,d6fe53df062d6cee5952,Nagpur,2026-08-18,0
2026-10,0,ca3c418c8c92ec820eae,Chennai,2026-08-22,0
2026-10,0,a1c36b71536cfeb7db2b,Bhopal,2026-08-23,0
2026-10,0,07fb7e1034dc05278b0b,Jaipur,2026-08-19,0
2026-10,0,c10827c861869c745d5e,Amravati,2026-08-20,0
2026-10,0,f65ee0d6489c9c3eb51e,Pune,2026-08-20,0
2026-10,0,8fd6c785fdcc0ef3c89e,Nagpur,2026-08-25,0
2026-10,0,b1b15060f5e3ebbd1cfa,Kolhapur,2026-08-20,0
2026-10,0,83d31abe7cb87478c3bd,Nagpur,2026-08-25,0
2026-10,0,2fbd6112d6baa8ee3d38,Nagpur,2026-08-29,0
2026-10,0,e7620cb8856ce94b62f6,Ahmedabad,2026-08-19,0
2026-10,0,1cc20cb14d1ae50aa8e4,Delhi NCR,2026-08-04,0
2026-10,1,c43d6806407743b26c43,Pune,2026-08-23,0
2026-10,1,5c00f6357bb7f780f148,Pune,2026-08-24,0
2026-10,1,95899cf8d28f0b7f993b,Pune,2026-08-23,0
2026-10,1,0997bb46433e7ab825c9,Pune,2026-09-01,0
2026-10,1,50821192cdd37313932e,Pune,2026-09-01,0
2026-10,1,a89c7719a4aa218a6237,Pune,2026-09-01,0
2026-10,1,849ce8ba38c6528387e4,Pune,2026-09-01,0
2026-10,1,20902b9b5bf59066f263,Pune,2026-09-01,0
2026-10,1,58be5ca1ad60f097dbef,Pune,2026-09-01,0
2026-10,1,f9f3ecd031ea18b80f4d,Pune,2026-09-01,0
2026-10,1,832bf533a80edad93677,Pune,2026-09-15,0
2026-10,1,de15dda931e4b241cafc,Pune,2026-09-15,0
2026-10,0,6413d3b90e41babcd1e3,Pune,2026-09-01,0
2026-10,0,340fe6f433dd548491e5,Nashik,2026-09-01,0
2026-10,0,9e3b838ec35900249b22,Nagpur,2026-09-10,0
2026-10,0,b7dc162d1ff9f1c8040a,Nashik,2026-09-01,0
2026-10,0,6df7be8f78ed2499e489,Nagpur,2026-09-10,0
2026-10,0,aafd17ccdaee2668a792,Pune,2026-09-08,0
2026-10,0,86baa079f87f3d2e2de3,Aurangabad,2026-09-01,1
2026-10,0,e58e07964e382a78c09c,Nashik,2026-09-01,0
2026-10,0,1149a7bfe23bd6e3dda8,Aurangabad,2026-09-11,0
2026-10,0,a047999a2c86f41c917a,Amravati,2026-09-11,1
2026-10,0,bc5f020e42d901341b32,Jaipur,2026-08-30,0
2026-10,0,8613b27ea6a49a900dd9,Jaipur,2026-09-10,0
2026-10,0,44a7c52c649f77bb5a6a,Lucknow,2026-09-01,0
2026-10,0,b421e68b51419d7ea760,Lucknow,2026-09-01,0
2026-10,0,09721288d24c4bc582c3,Lucknow,2026-09-01,0
2026-10,0,da26573258fe76081868,Lucknow,2026-09-01,0
2026-10,0,3143ae8857823cbe149e,Lucknow,2026-09-01,0
2026-10,0,703b32deb5ec371ce3d4,Lucknow,2026-09-01,0
2026-10,0,77cef8b4d3783f7b9e5a,Lucknow,2026-09-01,0
2026-10,0,b8df85fd12f0470f9d0c,Lucknow,2026-09-01,0
2026-10,0,e1f1731c4cc7c5e4e6b6,Kanpur,2026-09-01,0
2026-10,0,1af1b9acb9b9075d640e,Kanpur,2026-09-01,0
2026-10,0,e5088c6a236562d5aa88,Lucknow,2026-09-01,0
2026-10,0,acdd718d1c68ea696f2b,Delhi NCR,2026-09-05,0
2026-10,0,c5f2ff81a5dedc551884,Jaipur,2026-09-05,0
2026-10,0,48e1f4d5cb09bc8f5d68,Jaipur,2026-09-05,0
2026-10,0,6990916f6b7ab372473d,Kanpur,2026-09-01,0
2026-10,0,0e9321205c7607242bae,Jaipur,2026-09-01,0
2026-10,0,b4602dcd1a865dbc270e,Hyderabad,2026-09-01,0
2026-10,0,6393fd6f0626fa91f679,Chennai,2026-09-15,0
2026-10,0,c2e49ac13eb8340bc200,Hyderabad,2026-09-01,0
2026-10,0,55afb4b842036050cde9,Bangalore,2026-09-08,0
2026-10,0,adec5c5dcacd0870480c,Hyderabad,2026-09-05,0
2026-10,0,99a8d38ed508eeaae984,Bangalore,2026-09-12,0
2026-10,0,0e2237416ea6457b0533,Hyderabad,2026-09-15,0
2026-10,0,3a184e3a4b46172a2e0b,Chennai,2026-09-15,0
2026-10,0,026195af1fd6c8e4bd0a,Hyderabad,2026-09-15,0
2026-10,0,0d7d8fd13e7f82812c29,Indore,2026-09-04,0
2026-10,0,4174bac63d191e0235d6,Gwalior,2026-09-09,0
2026-10,0,620970896c7af74b3338,Bhopal,2026-09-18,0
2026-10,0,8663180ed3ad965d4534,Gwalior,2026-09-15,0
2026-10,0,902880e093a1e22967cb,Solapur,2026-09-15,0
2026-10,0,0308bba167f614db0ea8,Solapur,2026-09-15,0
2026-10,0,462c5c840f3ee8869d2b,Solapur,2026-09-15,0
2026-10,0,e4a1e9760e33a5a7a417,Pune,2026-09-22,0
2026-10,0,d850d29e5eec53f1e352,Aurangabad,2026-09-20,0
2026-10,0,9d1c0d9da9fd524f5d81,Nagpur,2026-09-22,0
2026-10,0,989441c2c05818a7eaf1,Nagpur,2026-09-22,0
2026-10,0,ebefb8a694edaa586243,Nagpur,2026-09-22,0
2026-10,0,38de3805ef35cfeeab17,Pune,2026-09-22,0
2026-10,0,7df441280d9e2a6dde1d,Lucknow,2026-09-19,0
2026-10,0,ca24563b53feec042b0e,Nagpur,2026-07-07,0
2026-10,0,226f4e687aef37ab7470,Nagpur,2026-05-05,0
2026-10,0,32f7f7240d6319371559,Nagpur,2026-02-17,0
2026-10,0,deaea5bed6c5640ca554,Nagpur,2026-02-15,0
2026-10,0,d1de2638504ea371399b,Nagpur,2026-08-11,0
2026-10,0,b42782be29caa98b497c,Nagpur,2025-03-06,0
2026-10,0,63d6270ef432948b1f9f,Agra,2026-08-11,0
2026-10,0,101376a873ba7e2f3b92,Nagpur,2026-08-20,0
2026-10,0,9e29cc5cdda8cb1bc6e8,Nagpur,2026-08-26,0
2026-10,0,9dd685c6c27188f860b0,Nagpur,2026-09-01,0
2026-10,0,c2819fc6ba053194e61a,Nagpur,2026-09-18,0
2026-10,0,d63be21a7127519c6294,Jalgaon,2026-09-03,0
2026-10,0,85762770096d8a290367,Chennai,2026-08-17,0
2026-10,0,978faddb97ca982883a6,Lucknow,2026-07-05,0
2026-10,0,b33dc627fb85b6d4a59a,Kanpur,2026-09-01,0
2026-10,0,b8ca6f03542d1a11daef,Lucknow,2026-06-02,1
2026-10,0,566286a823e63a8b98a1,Lucknow,2026-07-02,0
2026-10,0,df3b613379f966770575,Nagpur,2026-06-16,0
2026-10,0,10615d6b801693114e52,Lucknow,2026-01-20,1
2026-10,0,0957f7addef4bec9e562,Kanpur,2025-09-23,0
2026-10,0,84e0cbacb95f348bf27b,Meerut,2025-07-04,0
2026-10,0,021c049cb7fe769815db,Raipur,2026-07-28,0
2026-10,0,a85099d15f2cd1ee8231,Bareilly,2026-09-01,0
2026-10,0,2a8846241276bb902919,Pune,2026-08-19,0
2026-10,1,f8a434345b9736312b9e,Pune,2026-01-20,0
2026-10,0,fac3d355f356ce8af773,Delhi NCR,2026-05-22,1
2026-10,0,3fc881832e0166964130,Ahmedabad,2024-09-15,0
2026-10,0,23ece12c50cb6343a8be,Lucknow,2026-06-02,0
2026-10,0,5303a61c3b6602a3f889,Lucknow,2026-05-02,0
2026-10,0,237fad119f3698d5aee1,Pune,2026-08-01,0
2026-10,0,8617825c9bc318a46f0f,Visakhapatnam,2026-06-19,0
2026-10,0,e44f1dfa4e8ba78c7e54,Gwalior,2026-06-18,0
2026-10,0,65a4232e856d0e72dd8c,Jaipur,2026-06-18,0
2026-10,0,30dbc71499d0a12edd2c,Indore,2026-06-12,0
2026-10,0,a897979f93fea63984ee,Lucknow,2026-06-11,0
2026-10,0,77e2a893f94a980f522c,Ahmedabad,2026-06-10,0
2026-10,0,f7a2172c882cab9f7721,Bhopal,2026-06-09,0
2026-10,0,6ef9cae14bc570facc3a,Jaipur,2026-06-09,0
2026-10,0,ea3fb8493f4d25295b3b,Indore,2026-06-03,0
2026-10,0,daa90f30bc3441072daf,Lucknow,2026-06-02,0
2026-10,0,2eac65201d17a8bc5255,Lucknow,2026-05-23,0
2026-10,0,232b2784817de8c463f5,Lucknow,2026-05-15,0
2026-10,0,6496072cc45cb3d87810,Amravati,2026-05-14,1
2026-10,0,3391a94f5ba63775a81d,Kolhapur,2026-05-10,0
2026-10,0,1e5358edddf4e1fb445b,Lucknow,2026-05-05,0
2026-10,0,3079eceafe2a9f7983bc,Jaipur,2026-05-02,0
2026-10,0,c3150ae4f5d48e0f9399,Lucknow,2026-05-02,0
2026-10,0,45e579a89d9e1e583fbe,Pune,2026-05-02,0
2026-10,0,95126ba7b159d5003f73,Delhi NCR,2026-04-24,0
2026-10,0,07605da0fec8199b13a7,Lucknow,2026-04-19,1
2026-10,0,5e12e91f673a2024957d,Nashik,2026-04-19,0
2026-10,0,63f396a0fab41f70eeac,Jaipur,2026-04-18,0
2026-10,0,642973b8fee02f45bc24,Jaipur,2026-04-18,0
2026-10,0,079ba68f70a85387635a,Jaipur,2026-04-17,0
2026-10,0,95133d347e27f20d2e78,Lucknow,2026-04-11,0
2026-10,0,b653990f07f005408b5b,Bangalore,2026-04-07,0
2026-10,0,3721ac1441a0a798afb9,Vijayawada,2026-04-04,0
2026-10,0,55bf6459e4d63a83e7e9,Delhi NCR,2026-04-01,0
2026-10,0,187e5d36abb8d967743b,Vijayawada,2026-04-01,0
2026-10,0,55f52bfa7d0f7025f6de,Jaipur,2026-03-13,0
2026-10,0,415130a9c364d11d30ed,Jaipur,2026-03-12,1
2026-10,0,0940963c2279dc8b9d04,Lucknow,2026-03-06,0
2026-10,0,a7fb678cd878be4cf728,Indore,2026-02-24,0
2026-10,0,21abcb1c158060238b03,Jaipur,2026-02-24,1
2026-10,0,15d7d0935f11432f18e6,Delhi NCR,2026-02-24,0
2026-10,0,c3cb23ebe09c40d84ec8,Jaipur,2026-02-17,0
2026-10,0,ed10299d6262d9ccf244,Hyderabad,2026-02-15,0
2026-10,0,eeabe9fd97ad59f3e019,Delhi NCR,2026-02-10,0
2026-10,0,c32d0575685420cebbdd,Delhi NCR,2026-02-10,0
2026-10,0,6090a44b519d61420720,Chennai,2026-02-04,0
2026-10,0,e337ed210bb68726c71a,Delhi NCR,2026-02-03,0
2026-10,0,d6cce050341bd4e0ef8e,Lucknow,2026-02-03,0
2026-10,0,5146a644f06688e6391c,Jalgaon,2026-01-19,0
2026-10,0,4eee3ebdcc6cd57cd9f9,Ahmedabad,2026-01-09,0
2026-10,0,5f74be59c6e0e0acdac1,Delhi NCR,2026-01-06,1
2026-10,0,e2d7c5638648ace7cc0d,Lucknow,2026-01-06,0
2026-10,0,112f073e552c21a266e6,Lucknow,2026-01-02,0
2026-10,0,1771b819627350c978cc,Pune,2025-12-23,1
2026-10,0,5023d1369fc33823f52d,Delhi NCR,2025-12-19,0
2026-10,0,449ab27cdbdf073248d8,Pune,2025-12-16,0
2026-10,0,8c032a6fc90d0d204be5,Indore,2025-12-09,1
2026-10,0,6227a1c5c07389ed68bd,Hyderabad,2025-12-04,0
2026-10,0,ccc112c6e94a669be451,Jaipur,2025-12-04,0
2026-10,0,60fb5c4608e07799f8a4,Amravati,2025-12-02,0
2026-10,0,ddb96156a12e98c0d76a,Pune,2025-11-02,0
2026-10,0,cdbeeffdfd3e5c7ddbe5,Varanasi,2025-10-23,0
2026-10,0,a1e95a0a5d201922268b,Nagpur,2025-10-16,0
2026-10,0,c63a4b4b2035d272a407,Jabalpur,2026-08-01,0
2026-10,0,d5a939d85dc37db4f9b5,Jabalpur,2026-08-01,0
2026-10,0,38870274d4d8e45d566d,Indore,2026-08-18,0
2026-10,0,20a9d6b0d4f8ec26d1cb,Indore,2026-08-01,0
2026-10,0,543cef83b7a65827d911,Kanpur,2026-06-03,0
2026-10,0,607cf7b139d5ffdab6a6,Kanpur,2026-05-14,0
2026-10,0,8536ac10ee3b8524349d,Kanpur,2026-04-17,0
2026-10,0,c1c536ae07cbec1df786,Kanpur,2026-04-02,0
2026-10,0,27141ed55417f1ee031b,Delhi NCR,2025-09-10,0
2026-10,0,2e982fa20a68ef4fa92e,Chennai,2025-09-06,0
2026-10,0,52907ed8cc32b8a7e728,Indore,2025-09-03,0
2026-10,0,86ffa79eae476fc61a8b,Kanpur,2026-03-22,0
2026-10,0,e27754e778a751a7d40b,Nagpur,2025-09-02,0
2026-10,0,1c0a5a40962f18dd0030,Kanpur,2026-01-20,0
2026-10,0,96eb9163323fb2e08fd5,Chennai,2025-06-24,0
2026-10,0,211ed53088b51b3fbdcd,Kanpur,2026-01-17,0
2026-10,0,711b21be88b94a3eeadb,Delhi NCR,2025-06-21,0
2026-10,0,4dd5575e13248270b974,Delhi NCR,2025-06-11,1
2026-10,0,f6cc51aa4c36b3016071,Kolhapur,2025-06-10,0
2026-10,0,e99f18cabca9b61aac40,Kanpur,2025-10-15,0
2026-10,0,9bcb5002453ca527c671,Kanpur,2025-08-19,0
2026-10,0,4412b8f5917626eaf093,Hyderabad,2025-04-24,0
2026-10,0,7ceecf4ea7a72f63d8fe,Pune,2025-03-26,1
2026-10,0,d827dcb47a2ba3c2937d,Ahmedabad,2025-03-18,0
2026-10,0,a210fc4c5ee96774950c,Gwalior,2025-02-11,0
2026-10,0,5a8885b199656243f733,Chennai,2025-02-01,0
2026-10,0,b0c7d99977625f7cb8d7,Kanpur,2024-12-20,0
2026-10,0,620c464e03ffff903977,Meerut,2024-08-24,0
2026-10,0,d2f085e67a7b2a7c1858,Bhopal,2024-05-11,0
2026-10,0,f6538aad3439809a3c66,Bareilly,2024-03-02,0
2026-10,0,94ba86db53d0e980fb18,Gwalior,2026-07-01,0
2026-10,0,af24a84141430c9dcb0f,Gwalior,2026-07-07,0
2026-10,0,0300fbf5d0fbc025041e,Gwalior,2026-07-13,0
2026-10,0,c76bb59227c1cc575a72,Jabalpur,2026-07-18,0
2026-10,0,eeabdd2343fa34bc2111,Bhopal,2026-07-21,1
2026-10,0,75894998e9937845f3d9,Jabalpur,2026-07-21,0
2026-10,0,e95b82c387be5277d6fe,Delhi NCR,2026-07-16,0
2026-10,0,0d53a065868659fc4539,Delhi NCR,2026-07-16,0
2026-10,0,776b6120a722ad324bb2,Delhi NCR,2026-07-07,0
2026-10,0,968c3314d0becad0d2e3,Delhi NCR,2026-06-23,0
2026-10,0,a33faa3a719e8976a43b,Delhi NCR,2026-07-15,0
2026-10,0,94a26628208a83c8d0ec,Delhi NCR,2026-07-14,0
2026-10,0,98a0aaaed4d26c657246,Delhi NCR,2026-06-23,0
2026-10,0,f85800e0a066a2041437,Delhi NCR,2026-07-02,0
2026-10,0,c3939e5553266c79357f,Delhi NCR,2026-07-02,0
2026-10,0,8975685caf247609f005,Delhi NCR,2026-06-11,0
2026-10,0,e20ad9439b9efc7d9923,Pune,2026-07-21,0
2026-10,0,8e39b763a2153396cf88,Lucknow,2026-07-19,1
2026-10,0,3bec596df62d547fefc3,Indore,2024-10-23,0
2026-10,0,62a1f8590f5ab40df1b9,Jaipur,2026-08-01,0
2026-10,0,adf24fe96ead092bccba,Lucknow,2026-08-01,0
2026-10,0,5b952fc45bab4c36dabf,Varanasi,2026-08-01,0
2026-10,0,4033faf7f8ad1ced32d6,Nashik,2026-08-17,0
2026-10,0,1dc97f7ca4c986daa5db,Pune,2026-08-17,0
2026-10,0,31edd97b247e78dbf034,Delhi NCR,2026-08-19,0
2026-10,0,7a3b3940bc762c2f1669,Delhi NCR,2026-08-13,0
2026-10,0,57bf9c3840cfb212ed3a,Delhi NCR,2026-08-24,0
2026-10,0,627c2761bcf91499653e,Pune,2026-08-19,0
2026-10,0,f9efbe2e01efc244481f,Delhi NCR,2026-07-04,0
2026-10,0,6472527c808fbcc07bf9,Delhi NCR,2026-08-04,0
2026-10,0,524a4f4ca9489fc61e7e,Jaipur,2026-08-29,0
2026-10,0,4acb45bfe8938e8df8b8,Delhi NCR,2026-09-01,0
2026-10,0,a9e3c291bd78b545dc7f,Lucknow,2026-09-01,0
2026-10,0,9f7af4d2aef6e26b536e,Agra,2026-09-08,0
2026-10,0,c1e552a92ea5d6c62f4f,Delhi NCR,2026-09-17,0
2026-10,0,209084ebeb91695dadd5,Gwalior,2026-09-01,0
2026-10,0,e17631b2d7b0a641b458,Bhopal,2026-09-05,0
2026-10,0,59653fcddb51f47ae74a,Indore,2026-09-01,0
2026-10,0,fec5578f2ad984a2836b,Gwalior,2026-09-08,0
2026-10,0,ec249e96c788b13130a3,Indore,2026-09-05,0
2026-10,0,b65fddf3e79cdf28b4f1,Nagpur,2026-09-19,0
2026-10,0,648313b223f134830fd8,Varanasi,2026-06-12,0
2026-10,0,079498ecd24d0c6720ec,Delhi NCR,2026-08-24,0
2026-10,0,7b8080f66c2e2ac262e3,Delhi NCR,2026-06-02,0
2026-10,0,63f652f15565dfe81cdd,Delhi NCR,2026-07-17,0
